patient_id,FAM171A1,FOXC1,FOXA1,CDCA8,ANP32E,B3GNT5,MICALL1,TTLL4,PLK1,SFT2D2,CENPA,AURKB,IFRD1,TTK,KIF2C,MTHFD1L,MPP6,GABRP,CDCA7,CDC25A,EXO1,MELK,SUV39H2,FOXM1,CCDC82,PSAT1,SRPK1,CCNB2,ATL2,TCF7L1,NCAPG,CDCA3,TBX19,GSG2,CEP55,RBM17,BUB1,YBX1,MRAS,KIF20A,KIF4A,CENPO,NCAPH,HDGF,CDH3,CHEK1,LBR,CLCN4,FAM136A,DLGAP5,MSN,STIL,MSL3,SERBP1,GATA3,KIAA0020,FANCA,UCK2,ZNF454,STK38,CCNA2,CDCA2,HAPLN3,FANCE,TUBB,GMPS,RNF8,UBXN2A,SGOL1,ILF2,PSMB2,ENO1,SOX10,CDK2AP1,RPIA,MEMO1,ANLN,KIF23,TSPAN33,JOSD1,UBE2E3,STMN1,EN1,GPSM2,PAPSS1,ST8SIA1,PDIA6,GPN1,CKS1B,SCHIP1,DBF4,NASP,TIGD2,KIF18A,ASPM,TUBA1C,L3MBTL4,IGF2BP2,SKP2,TUBB6,EZH2,MCM5,NDUFAF4,DSCC1,GPR161,CENPF,ANKRA2,CDC123,DSC2,PFKP,LYN,KIF14,RSU1,PRTFDC1,USP6NL,DEK,CHST3,PADI2,CEBPB,LMO4,NIP7,RRP1B,RIPK2,IQGAP3,KARS,ESYT3,CKAP2L,RAD51,CENPE,PRKD3,MSH2,EML4,KIF11,RANBP1,SEPHS1,CDC42EP1,E2F3,DNALI1,DONSON,LPIN1,OIP5,RASAL1,JRKL,IFNAR2,DEPDC1B,UGT8,HSPA14,PSME4,XBP1,NUF2,SMO,CENPL,COMMD2,NCK1,NMT2,PRNP,LAD1,MYO10,DPH2,RAP2B,PPP1R14C,RBM28,TBC1D22B,SHCBP1,TBC1D1,TRIM2,TRIM29,CCNB1,TRDMT1,MCM3,FERMT1,ECE2,CENPI,ERBB2,ESPL1,NUDT5,UBE2T,PIM1,PPARA,KHDRBS3,PDK1,PDXK,RACGAP1,RHEB,DEPDC1,TROAP,PPP1CB,TAF5,LMNB2,CCDC77,BTG3,BAG2,HORMAD1,YARS,SMG5,PDHA1,SLC22A5,XPO5,NFIL3,PSRC1,SOX11,COTL1,GPM6B,GART,HDAC2,KIAA0141,GLIPR2,NXN,CRY2,PTTG1,IRAK1,NEK2,PROM1,RUNDC1,CDK6,FAM98A,CBX2,PHF5A,PSMG1,MASTL
TCGA-A1-A0SB,1992.12,2276.83,535.646,173.893,1412.77,1062.73,2816.08,1632.17,154.522,170.289,27.9311,77.4862,429.778,140.106,229.305,1769.12,75.2337,17075.3,433.833,128.843,96.4073,130.645,266.246,361.185,596.464,666.742,1383.04,183.354,3315.69,3308.48,233.657,69.3907,120.734,49.1046,134.7,1226.71,204.077,6401.62,1178.51,262.642,127.492,136.155,154.071,4590.16,2504.34,207.681,814.056,95.0557,750.535,172.993,3382.81,163.982,755.941,9347.45000000001,601.419,977.588,217.831,444.194,99.5608,1796.6,214.204,77.4862,1351.05,276.608,27308.0,1339.79,404.1,282.014,32.8866,6589.03,1320.87,29102.4,6569.66,4911.81,534.745,260.696,499.606,296.43,240.117,1847.96,2029.51,5281.68,2655.7,396.86,4877.58,773.961,8607.12,797.387,655.479,605.924,180.201,1897.51,402.748,72.0802,248.226,1583.96,203.626,34.2381,300.484,1081.47,391.936,1342.04,250.028,167.136,230.206,988.85,322.559,887.816,3218.83,1063.63,418.966,84.6942,1698.39,232.909,923.978,2524.61,3048.09,5014.98,1531.7,3611.22,689.717,1722.27,439.239,235.612,3806.74,23.4261,67.1247,54.9611,135.601,1764.61,1116.79,1477.19,502.759,761.798,1689.83,1813.27,582.498,86.9467,148.958,2252.96,15.8126,340.128,484.739,274.662,68.9267,434.283,543.755,3158.01,4362.65,65.7732,1624.51,109.922,1289.78,551.413,426.625,10972.4,947.855,5206.89,658.633,706.386,75.6842,495.551,521.721,368.961,3243.61,5407.37,9328.53,409.956,265.796,2605.25,587.904,138.304,32.8866,6711.57,157.675,498.376,102.714,91.0012,696.925,290.123,362.203,7343.17,555.918,908.21,96.8578,81.0902,7333.96,76.1347,1792.99,182.904,480.685,49.1046,169.839,1778.13,1546.57,1482.96,377.971,1735.33,892.893,96.4073,628.449,450.952,2167.36,1538.01,3388.67,1437.1,1772.27,2657.96,1498.37,159.477,2284.49,78.3872,3497.69,650.073,6938.62,1289.33,726.208,474.828,314.45,351.391
TCGA-A2-A0D2,2238.03,1045.65,84.6424,2665.68,5023.1,1038.99,3756.79,1313.99,2629.46,85.6404,442.432,1013.49,2869.34,1257.07,3261.13,2076.51,146.369,12466.8,683.423,491.961,1268.53,1026.06,1013.12,6954.29,300.129,2806.87,4150.8,3247.46,1508.41,3190.54,1582.75,979.131,83.6444,149.695,1298.1,4249.86,1142.12,16799.1,2056.92,1418.59,2513.4,243.685,790.612,19519.9,9978.19,1299.94,3171.69,606.173,1289.23,1192.02,21173.2,956.2,869.71,11205.3,1271.48,994.639999999999,2753.74,494.178,21.8074,1824.06,1515.84,592.127,4710.77,405.101,54004.1,3588.99,829.422,433.192,189.614,12276.1,2412.49,36354.1,3495.1,6767.7,1005.73,458.115,1431.53,2461.65,2104.23,3307.34,1238.96,9342.08,565.145,1167.31,3522.45,93.8828,8988.55,1015.71,1892.81,707.078,402.144,5349.84,252.079,530.401,1111.07,9129.92,345.223,97.579,485.677,2401.35,1761.97,3431.16,611.717,507.854,231.75,6270.93,126.779,3514.76,4465.72,1509.15,1827.39,409.906,3283.68,350.397,1023.84,10154.1,1442.62,9061.17,4362.23,4932.18,1533.91,1458.14,1329.88,1708.37,8542.6,10.3493,347.44,503.419,659.028,519.312,1578.64,1198.3,1419.7,3977.82,4246.53,4014.78,1163.56,59.1388,643.231,467.197,255.997,98.3182,263.168,383.903,607.651,417.298,2165.22,3689.52,5250.05,799.852,3051.56,208.095,656.071,407.688,1196.08,4890.04,1253.74,3571.61,1042.32,1180.56,2114.58,1764.18,1007.68,933.284,3391.61,1604.88,3513.21,2891.52,249.122,3282.94,518.573,897.431,228.424,3414.16,1245.24,2440.15,644.613,1464.42,426.169,1013.49,1025.32,3550.91,1524.67,2735.54,1189.8,706.709,6026.02,237.294,4026.61,263.537,977.637999999999,324.524,597.671,3641.1,8198.11,2775.99,195.528,3057.11,1034.93,789.503,62.835,14735.9,219.553,2290.52,4240.25,541.49,1017.19,668.268,525.966,1445.57,8868.97,1543.52,3370.91,346.332,2253.19,1133.62,538.163,784.698,837.553,838.662
TCGA-A2-A0D4,113.421,64.698,8411.28000000001,982.983999999999,1290.77,55.9119,579.886,547.67,1149.92,114.484,234.031,532.228,268.643,458.744,998.959,57.5094,8.7862,175.723,190.633,191.432,377.805,932.131,168.534,1118.21,59.1068,15.1761,949.171,1026.12,1370.11,174.126,1054.36,492.485,44.9984,92.1215,508.266,1303.55,1364.25,4257.82,330.679,1369.57,1521.07,307.944,724.458,7533.73,166.404,160.281,1042.09,12.7799,1200.24,1415.37,8561.17,497.083,328.815,5295.12,11341.6,589.471,178.849,428.392,5.8574,1162.97,829.04,254.798,44.197,231.369,29529.2,2081.79,311.775,242.019,108.096,5223.23,2470.51,11969.9,53.7819,2919.13,419.339,290.153,1618.25,1210.63,118.214,1102.8,129.13,5593.85,10.1174,877.934,2605.76,15.4423,4662.25,977.127,1335.23,114.486,310.287,2690.96,81.7378,316.568,989.107999999999,6782.91,4.26,18.371,191.432,556.978,707.418,1261.48,170.664,655.766,30.8847,4726.95,470.192,902.532,673.073,193.562,156.553,448.36,814.982,52.4507,429.457,2262.57,200.75,239.356,851.724,582.016,398.838,1134.74,1149.92,1640.08,2061.55,0.2662,418.008,308.58,1296.62,383.662,1493.11,1008.81,1010.67,964.613,705.555,393.513,279.293,1740.99,413.415,491.492,98.1706,2.13,37.2746,324.659,287.547,2.13,588.938,3181.39,54818.1,1031.44,87.5953,266.513,547.67,478.18,94.2515,357.037,1535.98,414.813,397.507,447.561,5.0587,395.377,546.256,298.197,2786.01,400.169,120.876,2117.2,16.5073,4201.38,4.26,167.469,138.981,10026.1,1143.26,738.082,1251.36,275.566,166.937,157.618,206.608,2025.87,2564.49,1148.86,407.624,603.582,4702.58,82.8028,1394.07,121.675,58.3081,31.6834,0.2662,2221.3,2676.05,1752.96,2081.52,1410.58,82.5366,530.897,30.8847,511.993,110.226,1442.26,3252.74,1097.2,216.459,150.962,1230.06,1014.67,2604.96,998.693,50.5869,2547.72,147.767,649.643,116.084,474.985,516.519,410.287
TCGA-A7-A0CH,119.936,136.945,17332.2,191.024,1314.06,77.6309,498.059,481.923,191.461,135.636,23.551,53.6439,328.405,106.852,180.994,131.275,16.5729,264.294,27.04,34.0181,154.39,106.415,191.897,288.573,84.609,30.0929,1309.7,174.888,1313.62,186.227,271.9,60.949,47.9742,37.071,167.037,1026.21,227.223,2485.93,330.586,237.254,293.515,74.2597,129.53,7499.24,276.942,149.156,829.081,32.2735,633.259,148.72,4018.93,184.919,454.882,6958.87,15505.7,644.598,37.59,367.657,17.009,834.751,217.122,71.5251,128.222,54.08,12808.2,1317.98,332.766,254.263,37.5071,5383.58,1455.36,11839.6,38.3793,1569.63,324.48,370.116,496.315,281.303,176.632,1079.86,781.979,2071.61,19.1897,406.555,2139.21,78.9393,4166.92,779.798,834.751,96.8599,162.676,1563.09,92.4593,68.9084,384.23,2184.13,21.3703,50.591,85.9174,562.401,226.351,594.444,167.91,73.2697,79.8116,1551.31,399.058,886.336,825.592,776.746,331.022,92.4593,762.353,81.9922,426.534,1594.05,300.929,200.183,377.252,1200.23,295.259,795.935,285.228,357.626,1370.75,26.6039,76.7587,78.5032,146.539,896.245,924.593,1202.41,477.125,603.166,917.179,776.309,433.948,688.648,129.561,414.322,45.7586,37.071,140.434,254.22,39.6877,11.7755,500.24,2354.66,57341.8,163.984,370.71,285.228,784.596,454.882,186.227,1068.52,1714.86,1378.6,383.357,551.703,25.2955,361.115,343.124,67.1639,736.622,487.592,488.901,520.738,71.9613,1832.61,25.2955,90.2787,24.8593,7637.93,102.926,511.457,269.964,221.554,150.464,115.138,504.601,1485.89,535.566,863.971,122.988,71.089,9180.3,114.702,815.125,154.39,163.112,167.474,0.0,1576.95,2392.6,944.655,587.902,1026.21,167.474,100.746,110.341,1452.31,149.592,1835.23,1939.9,923.285,262.113,509.835,1301.41,163.112,1262.16,327.533,157.442,1912.43,261.677,1067.64,44.4851,392.952,149.156,285.228
TCGA-A8-A08X,649.806,64.2599,2539.77,805.952,623.982,442.613,1043.17,807.153,823.968000000001,124.904,249.232,530.895,482.85,670.225,760.309,1106.83,231.816,328.506,217.403,423.395,559.722,1659.95,523.688,1081.36,340.517,780.728,1760.24,888.228,907.446,658.814,284.041,306.514,127.931,210.797,836.58,2089.95,763.312,13446.5,795.742,692.446,718.87,197.867,408.381,13379.9,3002.2,272.054,792.138999999999,56.4526,1464.77,622.18,13409.3,565.727,1308.02,5680.7,693.647,2082.74,116.623,889.429,15.6146,1332.64,620.445,252.836,539.904,75.07,20116.4,3621.38,306.286,304.484,255.839,8857.06,2384.82,23608.6,4.2039,2035.3,617.376,423.929,2044.31,752.502,175.964,2043.11,670.826,4870.54,686.44,727.044,1205.32,201.788,6876.77,718.27,1623.31,209.595,601.761,2398.64,111.104,216.202,1108.63,5111.8,12.6118,60.6566,294.875,1748.72,330.909,1089.42,250.434,196.383,178.366,5420.05,156.146,2600.92,2796.81,4439.34,790.337,490.057,2992.59,46.8437,1200.52,2196.85,867.209,3659.81,879.22,1501.4,544.708,1757.24,717.669,2067.13,2797.41,15.014,312.291,269.051,545.308,508.674,787.935,1667.76,1027.56,1707.39,2245.49,4513.81,594.554,38.4358,408.861,1327.84,57.4316,54.651,434.205,704.738999999999,61.8577,1.8017,905.044,2864.67,23322.7,697.25,247.431,374.75,825.169,520.085,328.506,2654.48,3450.82,2107.37,630.588,1842.52,679.834,460.63,314.027,291.872,1432.34,405.979,448.618,1008.34,114.707,2915.72,88.2823,321.9,112.905,160098.0,416.188,1606.01,879.819999999999,705.058,612.571,609.568,1194.51,4226.74,1400.51,1361.47,259.442,606.566,4365.47,138.129,2386.63,196.984,696.65,144.735,1.8017,2796.81,2784.2,3020.17,190.978,3006.4,574.135,285.266,1230.55,2350.59,106.299,2088.75,3669.42,501.468,756.706,2134.99,723.675,396.37,3998.53,715.267,4560.65,461.23,761.51,1276.19,893.633,632.39,777.725,730.281
TCGA-AC-A2FK,739.44,498.444,2985.33,59.582,993.33,297.021,1206.76,661.183,26.2339,124.469,5.7803,12.45,563.806,32.9035,26.6785,188.084,94.2641,6072.92,33.3482,21.3428,9.3375,13.7839,137.839,67.9013,429.524,160.96,1281.9,33.7928,1793.24,821.254,32.5967,24.6554,132.535,13.3393,30.6803,1181.41,44.0196,4131.17,1730.99,26.6785,17.341,63.4815,26.2339,4858.6,4259.23,75.1445,659.404,88.4838,572.254,24.0107,9341.93,83.5927,563.361,7032.46,3316.14,610.049,51.5651,447.31,46.6874,1153.4,45.8693,15.5625,508.226,111.16,9537.57,1086.71,293.464,356.158,8.0036,2805.25,1200.53,15618.5,4003.56,2145.4,278.346,249.208,84.9266,68.9195,325.478,1712.76,1104.05,1052.02,20.0089,287.714,2656.74,444.197,4629.47,717.354,377.501,224.544,117.83,1367.72,287.683,40.4624,37.3499,1079.59,173.41,278.346,106.269,836.261000000001,107.603,678.524,204.091,34.6821,167.185,207.648,473.544,663.015,3572.7,847.932,949.755,18.2303,1294.8,114.718,733.659,2723.88,1426.86,5169.85,1139.17,1073.81,509.115,1042.24,340.596,37.7946,2465.1,76.4784,15.5625,22.6767,36.016,1368.61,730.547,2056.91,125.834,468.653,1106.71,2293.02,470.876,698.088,105.522,1412.63,9.8711,85.3713,442.863,461.343,7.1143,206.759,424.188,2952.87,25892.0,20.4535,606.936,74.6999,881.281,793.241,457.981,4515.78,984.882,2128.95,414.851,703.868,319.698,361.939,407.901,29.791,1305.02,3043.57,4631.39,179.191,180.525,1586.48,110.716,83.1481,8.0036,10286.8,44.9088,404.571,29.3464,364.162,800.356000000001,168.519,398.844,2280.57,250.778,699.867,17.341,8.8928,10489.3,96.4873,649.622,125.389,449.089,51.1338,0.0,1362.38,1907.51,939.164,525.122,1129.84,739.884,94.7088,35.5714,1125.83,1886.62,1284.57,1795.91,1526.01,622.054,634.06,1304.58,13.3393,1745.22,25.3446,5090.26,850.6,1282.79,865.274,116.052,325.478,261.005,303.246
TCGA-AN-A04C,429.509,60.6491,5400.25,784.891,304.309,93.9883,871.786000000001,1111.9,818.939,123.072,477.035,478.808,441.568,485.547,888.455,1670.15,95.0523,54.2649,1137.08,313.531,483.774,667.849,383.047,1652.2,146.834,578.826,2584.5,883.49,1810.96,742.33,1424.38,555.042,57.457,54.2649,754.743999999999,2486.26,804.398,11722.6,399.007,714.311,709.346,167.452,682.036,12861.5,154.283,419.223,459.656,25.8911,1526.16,361.057,4661.11,288.704,766.448,7811.67,2236.92,1480.4,261.972,1198.44,7.0935,1906.37,1287.98,104.983,136.549,151.8,46665.7,2079.09,334.457,300.053,103.564,7985.81,2677.78,20865.8,15.2509,4172.02,650.115,1240.25,706.863,577.053,206.774,1308.39,1307.32,17250.9,13.4776,674.159,1184.96,460.72,7408.91,1277.82,1269.73,95.0523,461.075,4197.2,301.827,292.605,833.126,7439.26,23.7631,10.9949,161.376,751.059,718.212,1773.36,367.086,1060.47,32.6299,3406.28,95.407,1986.07,3333.92,307.147,286.93,350.771,3097.36,9.9308,937.4,2217.41,334.102,5738.96,1710.59,1500.98,963.646,1205.18,744.458000000001,1134.95,3888.99,19.507,175.918,586.274,1166.52,183.366,1682.92,2286.93,1260.15,1600.99,2197.55,2304.31,1098.78,82.6388,507.352,939.174,280.709,131.229,332.328,204.753,158.893,1.4187,1029.26,4103.56,29253.4,502.926,687.001,285.157,522.788,486.966,225.572,357.865,5760.6,3187.44,668.913,1138.85,7036.71,777.798,490.817,249.335,616.776,3004.79,789.502,1414.79,55.329,2980.32,10.6402,594.432,75.5453,160363.0,590.176,1335.79,1076.79,202.873,81.9294,243.306,260.685,2410.36,789.502,1298.1,338.712,650.825,11582.9,254.655,1328.6,306.792,491.222,40.7874,0.3547,1502.39,2252.88,2266.37,613.584,1597.09,851.569,217.06,2581.66,1331.44,361.412,1433.94,6168.11,584.501,793.403,185.849,789.147,513.566,1691.08,562.866,3965.95,3316.9,145.77,1914.52,1858.13,822.486,814.683,622.096
TCGA-AN-A0FS,380.361,175.493,12133.8,183.09,1331.77,144.851,666.772,399.607,132.696,102.546,29.8819,53.6861,281.092,119.781,147.89,137.254,30.6416,575.1,18.233,76.7307,169.922,75.4645,162.831,312.441,216.77,26.5898,994.966,158.273,1163.62,491.785,186.845,71.4785,85.8624,31.6546,133.456,1105.63,88.3795,4696.27,594.853,174.227,156.247,73.5703,67.3609,7128.35,461.397,92.6846,754.898,131.683,583.71,90.6587,5854.07,148.397,422.652,7010.09,21857.6,503.181,54.2559,490.519,17.7266,702.731,172.938,34.6934,96.2299,107.119,15623.2,1199.58,306.923,256.022,30.1351,5102.46,1214.52,9883.06,289.703,1598.18,373.271,306.988,270.71,203.349,143.079,1391.28,461.903,2316.1,28.3625,428.329,2321.67,65.0818,4293.59,922.128,802.506,172.826,182.642,1404.2,158.273,52.42,337.058,1908.39,30.3884,26.8431,88.6328,1294.45,144.851,1134.5,208.92,105.6,100.788,1323.16,366.94,877.804,1097.53,736.412,342.629,90.1522,1568.55,100.535,414.295,2698.99,372.511,266.911,357.317,1048.15,422.652,953.942,258.301,234.75,1626.03,7.0906,31.9078,108.385,110.158,553.069,773.638,1336.08,345.161,743.756,1090.94,929.631,323.636,847.076,164.209,317.052,39.7151,9.1165,171.188,305.636,43.3034,11.3956,459.118,1374.82,71550.0,103.067,742.996000000001,264.632,792.884,579.405,281.599,1858.76,1289.73,1024.85,437.086,516.602,15.1942,328.954,383.846,65.5883,824.538,815.168,882.783,425.944,125.099,2408.03,33.4272,94.4572,31.6546,8557.62,108.132,566.91,304.137,539.647,426.704,229.432,273.749,1819.5,597.638,906.84,106.613,78.2501,6527.73,98.7622,826.817,123.073,277.041,178.785,1.2662,1308.17,2008.17,1153.11,757.684,961.539000000001,346.681,172.201,31.1481,1158.56,174.733,1376.59,1843.06,1108.92,816.181,544.458,2244.69,128.138,1093.98,260.327,200.057,1702.51,348.454,932.67,62.0429,543.192,234.75,250.704
TCGA-AO-A03U,856.576,1280.44,75.679,130.607,979.86,606.652,1529.14,623.131,166.616,126.021,23.8023,94.2936,490.693,78.4254,151.663,445.835,121.758,57870.6,26.8538,74.4583,46.0787,88.4956,209.643,289.445,417.455,28.0745,1223.68,169.057,986.877999999999,1156.24,202.042,55.4043,61.3457,31.4312,191.639,993.592,161.123,6684.77,1069.27,198.657,128.166,75.5325,133.354,5176.38,3413.18,97.3451,678.059,246.872,708.27,132.743,15740.9,112.603,710.101,6465.67,1575.53,566.982,128.169,610.314,9.1547,1005.8,206.637,69.5758,4996.64,64.083,10758.6,1065.61,286.543,319.194,21.9713,2953.01,1578.58,31090.9,748.245,5049.13,317.058,376.552,353.677,139.152,868.782,1476.05,1250.23,1006.1,32.6518,179.521,2860.54,300.58,11886.1,723.412,370.156,97.6503,123.641,1387.85,341.471,38.4498,220.629,2173.02,107.721,465.06,109.246,3928.57,124.504,863.9,140.677,32.957,105.584,591.7,293.561,835.261,4079.95,1613.06,2197.74,84.5285,1830.03,52.1819,437.901,2875.8,1453.77,6169.36,1575.53,878.242,519.072,823.619,411.657,163.259,3062.25,6.7135,82.6976,68.9655,127.861,1180.04,587.122,1613.98,308.209,589.564,748.245,3505.65,434.849,193.165,198.343,984.436999999999,33.0821,693.012,357.644,1015.42,39.6704,78.1202,365.883,2352.76,7921.88,62.2521,427.83,90.3265,782.728,682.942,357.644,3552.64,1246.26,1750.99,444.004,1145.56,284.712,302.411,471.065,185.536,2689.96,4563.63,229.478,286.543,123.894,1502.29,119.622,96.1245,18.3094,4052.79,107.721,523.604,68.3552,490.387,873.97,792.493,329.875,3025.63,382.667,968.263999999999,61.3366,57.6747,8198.3,74.7635,928.593000000001,119.67,510.223,109.246,0.6103,1865.12,1938.05,966.128,280.439,1083.0,402.807,50.9612,24.4126,5371.68,411.352,1296.61,1727.8,1390.91,900.519,717.119,891.973999999999,104.669,2599.63,65.3036,4673.79,693.317,1449.5,1065.91,60.7263,361.611,307.904,248.703
TCGA-AO-A0J8,168.848,31.3146,10087.3,249.014,1606.56,78.4117,246.759,575.938,257.782,76.8961,52.859,85.4262,393.562,87.4303,208.43,161.082,43.8404,27.8074,14.53,48.3497,128.515,123.004,160.832,365.228,122.002,14.2795,654.851,217.95,1532.66,913.133,255.414,90.2587,43.8529,31.5651,176.113,1219.01,259.285,3747.98,380.535,274.316,227.97,84.3865,132.022,8538.36,154.819,119.246,556.899,45.3435,558.652,164.088,5025.87,204.923,459.448,5755.62,18240.4,605.749,81.6684,368.761,5.0103,624.037,192.61,102.461,155.07,60.8756,11472.7,1267.36,248.513,187.637,42.5878,5368.82,1808.34,14694.3,2.5052,2992.17,375.024,412.661,282.583,239.995,282.833,845.494,219.703,1918.21,56.6168,345.766,2415.23,136.281,3873.61,934.678,1556.96,66.3869,160.581,1746.6,108.975,63.3807,292.854,2860.15,85.6767,33.0682,140.54,942.586999999999,169.6,524.081,100.207,59.623,60.3745,1413.67,360.243,1080.51,222.459,1144.86,472.224,114.737,976.264,34.5713,543.371,1239.31,195.654,945.45,751.55,1927.73,344.21,894.094,386.798,232.48,1734.08,10.7722,82.921,56.1157,174.109,348.218,888.833,942.193,515.062,467.464,787.374,644.579,311.392,1978.58,156.663,315.651,55.294,22.296,270.808,269.977,37.327,5.5114,556.899,2247.64,33123.1,101.209,353.479,220.455,713.722,574.184,168.097,697.188,697.188,1370.08,460.951,592.221,8.7681,387.299,254.069,100.457,1438.22,243.753,167.095,572.932,41.8363,1259.1,1.5031,117.743,29.0599,10225.3,159.078,710.18,293.104,299.367,108.724,98.2025,247.761,1468.28,576.188,831.715,97.2005,86.1777,7912.34,107.973,923.154,158.577,197.157,62.3787,0.0,1577.0,2808.79,968.748,445.419,666.124,223.962,180.121,16.5341,2048.22,48.6002,1581.51,1056.18,1252.08,619.778,441.16,2145.93,177.616,1607.82,299.868,2493.64,1567.48,203.67,1116.05,118.244,297.363,302.374,273.815
TCGA-AO-A12D,206.656,119.668,6274.18,327.766,1128.92,184.549,621.891,363.33,504.626,116.304,110.056,122.552,1421.12,434.939,382.554,373.423,238.856,15.3791,83.6237,142.256,195.602,490.688,197.525,641.283,229.244,831.912,2405.38,287.396,983.299,745.885,432.282,108.278,60.5551,60.0745,344.107,1139.01,727.141999999999,4327.29,878.529,834.795,589.211,128.631,349.874,6977.77,2361.17,143.698,665.625,39.4089,616.124,469.542,8800.19,324.883,554.127,5386.52,2007.93,795.867,237.261,492.611,17.782,1336.54,368.958,171.573,529.136,71.1282,21060.7,2743.24,241.74,279.226,138.412,5037.13,2200.65,14723.5,7.2089,1579.72,280.668,598.342,1814.25,416.677,419.08,1681.61,680.043,2839.36,140.334,475.487,1461.01,86.5073,13317.7,832.618,664.184,148.024,198.967,1868.08,198.006,184.068,837.679,4099.0,31.2387,24.5104,157.636,901.117,354.199,762.706,165.325,223.958,161.961,2822.54,257.119,971.765,1616.72,1146.22,656.014,611.799,1784.93,40.8507,965.517,2215.07,477.232,2043.49,988.586,680.524,456.566,1737.35,660.819,491.65,2902.32,20.185,235.492,104.77,484.921,1728.22,1143.82,3043.13,607.954,1164.48,1156.31,3197.89,984.741,24.991,408.396,1310.59,53.7595,224.438,470.023,518.664,134.567,2.403,451.28,5000.6,33789.7,281.629,508.471,185.51,812.207,722.816,206.176,2105.97,4325.36,3791.42,438.303,919.380000000001,405.623,217.71,450.664,299.411,936.682,945.813,693.5,945.332,85.0655,2143.94,104.289,230.686,90.8326,211066.0,183.107,608.434,598.822,621.891,224.438,272.978,756.939,6300.13,912.171,994.353,309.984,166.286,8660.87,72.0894,793.463999999999,113.421,719.452,129.761,2.8836,2294.36,2435.66,1354.68,309.504,1378.35,498.859,134.567,2902.8,2385.68,230.206,2406.34,3162.8,614.682,610.837,1058.75,934.279,346.51,2058.87,433.498,584.405,638.231,1684.01,1488.89,994.834,767.511999999999,568.064,194.641
TCGA-AO-A1KO,954.834,898.628,1107.73,81.9672,997.992999999999,581.465,1034.79,887.922,31.7832,149.876,16.0589,14.0515,1077.95,50.184,33.456,240.883,313.148,12919.4,117.765,19.0699,32.1178,23.0846,232.519,92.3051,548.009,140.85,1339.24,52.8605,3077.62,1280.03,61.7431,21.1743,197.063,22.081,30.1104,1074.94,59.2171,4567.41,2327.2,45.5002,22.7501,83.088,29.1067,3160.59,2046.84,115.423,859.15,206.424,741.72,34.1251,5384.07,183.004,644.028,8107.73,3101.37,1238.54,82.9408,717.297,46.8384,1206.76,72.8471,37.8053,1015.39,143.861,12818.7,1683.17,317.163,369.02,8.6986,3760.12,1446.3,17844.8,2678.49,2105.05,331.214,282.135,64.9047,135.162,681.499,1693.21,1173.64,1120.44,17.7317,729.866,3161.59,292.406,4761.61,919.957,597.524,162.596,165.942,1461.02,779.525,43.4928,51.5222,1181.67,540.314,552.024,148.879,1350.72,167.28,510.539,233.523,106.725,100.034,289.06,375.042,889.535,4299.77,447.307,1032.12,21.4118,1386.75,122.784,629.308,3015.72,1489.8,8115.09,915.691000000001,1263.3,683.172,1714.29,443.961,39.4781,3659.42,135.831,16.0589,25.092,45.5002,1686.18,1026.76,2550.35,185.681,522.248,1048.51,840.415,416.862,276.347,97.0425,3978.92,11.6695,181.332,606.557,399.495,9.0331,388.424,554.366,3143.19,20969.2,25.7611,652.392,105.721,1218.8,1029.11,574.774,5344.93,939.11,2027.77,451.656,395.45,123.118,301.439,473.262,27.4339,1230.51,4428.91,3206.76,214.118,132.151,1258.61,337.236,83.9746,12.7133,3466.71,71.2613,442.349,31.7832,214.453,1385.08,431.582,538.307,4021.08,364.336,926.731,40.4818,11.375,11951.2,147.206,282.703,157.243,649.381,102.041,0.0,1250.25,1649.72,1202.01,493.142,1382.74,1107.39,42.8237,22.4155,653.73,1843.09,1376.05,2377.72,1547.67,1038.81,696.22,1328.87,31.1141,1196.72,22.4155,6179.66,690.866,2617.26,822.014,16.3934,377.718,354.968,342.924
TCGA-AR-A1AI,2120.83,3732.81,56.1607,1576.24,4733.49,1270.25,1691.63,3414.57,1722.94,324.687,633.424,615.044,1377.81,1423.76,1664.74,1597.69,173.588,41925.1,724.643,436.692,845.133,945.201,733.152,2554.11,310.075,936.351,4490.47,1013.96,6678.01,5045.27,523.584,372.393,193.012,203.54,2162.01,2886.32,1834.24,13296.1,2861.13,2253.91,1957.45,405.317,919.333,17245.7,8297.14,630.02,1711.71,712.73,3249.15,1043.23,19461.2,1429.2,1159.97,12512.3,1341.39,1285.23,833.111,1248.47,27.2294,3431.25,1139.97,1109.26,2304.29,203.88,37931.9,3760.04,986.385,436.011,221.92,11443.2,4547.65,39889.4,2696.39,4866.58,863.853,824.694,1666.44,1046.97,1422.74,2734.51,1173.59,12538.1,3.4037,1280.12,4495.58,329.816,16826.6,1752.63,1992.85,227.025,603.131,5443.5,799.183,643.976,1746.77,8678.01,282.165,1911.5,1082.37,1326.27,1158.61,1710.69,210.688,567.052,493.873,4216.47,87.4745,3534.8,5574.2,2077.94,1242.68,807.692,3872.36,534.717,1527.57,5289.99,1293.06,21654.9,1702.52,5379.51,1206.26,3882.91,1224.64,1658.27,5081.69,81.6882,429.884,319.605,1221.24,3056.16,2329.48,4742.0,2861.13,1580.67,2807.69,2675.29,1345.47,4.7651,586.835,3090.88,142.012,154.527,309.735,627.012,181.756,1423.76,1527.57,16323.0,7810.42,329.816,1459.84,356.365,1381.21,1436.69,1033.7,3117.09,4262.76,13113.3,1248.13,832.88,1973.45,1488.77,1087.81,696.392,1966.3,3800.54,1173.93,1055.82,272.634,5143.29,99.3873,281.824,516.338,4433.63,893.805,2043.49,688.904,778.761,1064.33,61.2662,1725.32,10080.3,1257.66,2259.02,920.694,417.631,14868.7,335.943,3072.5,554.799,609.939,398.911,1.0211,3418.65,7717.15,2069.09,213.751,4461.2,1131.04,374.404,810.756,9105.85,881.892,3380.53,5737.24,517.018,2223.28,1269.57,516.678,726.685,3578.62,526.208,4018.38,464.942,4022.46,1254.94,1370.66,767.189,1243.02,1559.9
TCGA-AR-A1AO,707.351,430.719,1379.55,418.891,1196.88,769.117,1066.12,677.454,444.189,107.762,146.53,171.499,680.739,226.694,618.316,492.156,89.3634,3023.9,164.6,106.448,267.433,458.645,253.635,770.293,426.448,487.885,1038.85,538.481,1136.1,472.115,313.265,193.879,54.538,61.4374,326.242,1795.48,351.54,8441.23,1711.38,336.099,336.099,176.384,324.271,7069.9,2994.0,228.008,1096.02,137.988,875.565,249.692,14835.6,355.154,878.85,6811.99,1824.07,790.144,248.627,489.199,39.4251,1422.59,509.828,152.444,739.22,127.474,19494.7,2244.6,334.127,239.179,128.46,4544.72,2131.25,26662.5,935.031,2569.86,452.074,471.78,738.234,475.729,514.826,1615.44,1337.17,5141.36,53.5524,507.913,2603.37,168.871,7351.6,954.743,835.154,177.413,303.244,1919.34,236.55,175.113,451.745,5100.94,106.448,220.123,250.02,2537.71,351.54,1189.32,233.922,119.589,121.561,2706.53,188.583,1429.61,1568.13,1502.09,1559.59,114.661,1729.12,82.1355,687.639,2744.97,815.442,2825.13,1897.99,1677.86,662.669,1187.35,628.501,316.058,3665.87,71.2936,77.8645,151.458,385.051,1334.21,693.881,2187.43,471.786,987.269,1204.76,1943.65,671.54,116.304,283.765,996.468000000001,64.7951,80.4928,441.561,685.007,71.2936,89.0349,497.741,3191.13,14009.4,161.971,599.589,150.472,1118.03,914.004,433.676,4056.18,656.099,1498.81,654.127,2008.71,90.6776,693.881,407.005,253.635,1813.55,1199.18,1773.14,659.712,91.0062,1500.12,111.376,397.865,52.5667,2977.91,146.53,963.492,175.113,1579.3,823.983999999999,172.156,327.885,3840.99,659.055,1227.43,228.337,119.918,7638.58,118.604,1335.2,226.037,452.074,176.756,0.9856,2207.47,2275.15,1449.38,202.382,1135.44,1034.58,181.684,1457.41,5191.62,360.411,1687.39,1962.05,945.873,1944.97,857.495,738.234,369.281,2628.67,169.199,1200.82,475.072,1224.48,1292.81,815.113,583.162,524.682,432.69
TCGA-AR-A256,1453.66,4028.7,19.824,1508.1,8489.98,1419.34,1069.61,1704.27,2446.33,391.399,723.13,618.093,4492.94,1796.88,2119.09,631.112,253.865,44858.9,644.722,399.438,863.969,732.303,738.812,3596.06,787.04,1833.57,3097.57,1070.49,3952.66,2551.67,1290.5,349.422,211.013,211.85,2443.38,2428.58,3215.62,16430.8,5033.8,1938.01,2120.28,571.835,978.179,12695.0,15914.8,571.048,4277.24,728.456,2257.86,1211.92,16761.9,1619.65,1535.62,9571.71,1920.26,2051.93,424.354,1427.03,56.5131,2559.95,4956.77,1474.37,2295.44,185.517,26088.9,3198.46,518.677,492.344,294.992,12592.6,3093.76,25002.7,1440.34,14533.6,749.168,1041.44,3533.1,1682.08,2703.45,1797.77,1875.88,6023.23,31.6591,2105.05,8999.48,353.872,9532.28000000001,2000.78,1606.92,1172.57,883.201,2849.91,410.089,650.048,3976.33,7627.49,306.236,563.355,442.636,1276.17,600.34,854.501,719.284,987.647,320.734,18009.0,142.614,2984.55,5702.49,2829.8,3810.64,1055.7,2377.69,435.535,1312.52,2876.54,3450.26,13870.6,2218.8,6577.71,1610.47,2028.26,2896.37,2091.87,3891.12,228.715,916.044,360.086,2744.29,1420.82,1779.72,2418.23,2631.56,1158.96,2384.5,978.475,1028.18,5.6217,249.93,1485.61,191.458,655.078,788.224,625.15,580.516,1158.96,1521.12,10858.5,1743.92,887.048,1947.78,454.176,2460.54,1450.7,541.164,4347.95,3820.99,3526.59,1064.58,1286.49,529.625,1200.98,693.815,561.284,1773.5,2917.67,3445.23,2681.56,260.67,2881.87,974.332,535.247,303.869,1894.81,972.853000000001,1753.38,848.879,870.479,561.284,533.176,478.142,3915.67,2467.34,1541.83,1156.89,471.928,11058.8,368.37,1536.5,300.318,761.595,540.572,1003.03,2149.57,4136.1,4178.9,198.239,2250.76,1348.62,322.213,830.831,3617.72,1239.14,2292.18,2581.85,780.235,3148.46,773.43,323.693,1456.91,2941.34,1677.34,10360.5,388.49,6079.74,1452.77,751.239,537.614,713.366,1195.95
TCGA-B6-A0RL,18.7692,44.0,11692.9,668.615,2028.0,13.5385,409.846,620.923,1158.77,56.8892,245.538,432.615,444.308,440.615,846.462,155.077,0.3077,63.0769,495.385,319.692,444.308,777.231,312.308,1691.56,19.0769,1.2308,1352.0,670.462,1270.46,445.846,783.317,492.277,44.6492,73.5385,355.692,1848.0,589.231,3903.08,154.769,1084.62,1008.0,270.391,584.0,9120.0,1371.38,199.385,1066.46,46.1538,802.768999999999,377.538,1786.15,542.154,325.231,3420.31,37199.4,505.846,344.659,466.154,6.7692,1061.23,620.769,159.385,9.5385,266.462,24641.5,1454.46,565.231,391.077,195.385,4397.23,1541.23,16554.2,13.5385,2237.85,644.923,379.105,1114.77,1326.77,270.154,944.0,29.8462,7119.08,0.6154,1761.46,1117.85,7.6923,6085.71,1018.24,1100.0,104.308,404.308,2149.85,81.8462,411.385,893.846,5612.31,3.0769,0.9231,199.692,150.145,708.923,824.615,197.538,183.077,13.5385,3105.85,461.231,1155.38,150.462,1734.77,66.1538,226.154,357.538,55.6923,467.077,2438.46,9.5385,152.308,599.692,17.8462,320.0,1226.77,301.231,1871.69,1608.92,1.8462,301.231,395.385,603.692,36.6154,1210.46,1600.31,850.768999999999,812.615,1332.92,216.308,769.538,1945.23,354.815,473.846,188.588,0.3077,36.9231,169.249,220.308,1.2308,817.846,2288.62,40141.2,457.846,372.615,264.923,480.923,497.538,217.231,290.462,50.7692,515.692,422.462,555.385,2.7692,529.231,490.378,155.385,363.077,301.231,13.8462,2274.77,62.7692,4253.54,4.6154,112.923,100.0,13768.9,1196.92,671.086,519.077,285.231,92.9231,19.3846,490.462,2084.0,1689.85,1200.31,242.769,756.0,4198.22,59.0769,1622.46,252.615,312.615,58.4615,0.0,1362.77,3764.92,1400.62,710.769,1833.85,194.462,806.154,2.1538,449.231,16.6154,1358.77,2649.54,870.769,36.6154,35.6923,1114.15,716.923,2233.85,874.769,24.6154,1448.62,14.4615,566.769,991.077,302.154,656.923,428.308
TCGA-B6-A0RN,205.618,52.2271,9927.25,134.063,1786.0,46.0585,343.383,604.929,67.854,67.414,15.2158,34.9551,215.899,90.4721,96.2294,150.101,21.3843,7.8135,6.5798,14.3933,25.4967,42.7686,157.092,123.153,100.342,18.5056,959.004,85.126,829.875,630.014,103.607,43.3608,31.2828,13.5708,53.4608,947.489,49.7596,4816.81,309.661,91.2945,71.1439,66.6573,41.5349,8280.25,509.933,99.9305,409.18,55.9282,509.933,42.7686,4176.52,118.847,393.965,6976.63,23810.6,534.608,13.065,538.309,6.991,792.864,78.0856,20.1506,78.135,57.5731,15481.8,807.669,335.158,191.636,11.9259,5664.78,1224.25,12371.2,1.6449,2682.09,381.628,516.332,57.5731,118.025,134.474,1003.83,1426.17,2154.88,74.0226,264.113,3096.61,108.978,3962.22,872.233,1045.77,106.099,159.56,1019.04,96.6406,51.8158,92.9395,2659.88,6.5798,6.5798,74.8451,1381.17,104.865,332.69,134.063,57.5731,305.138,444.136,365.589,1007.89,1198.75,398.488,211.787,22.618,1121.85,77.7237,382.861,1874.42,194.926,834.81,294.445,2099.77,435.5,748.451,353.252,101.164,1630.14,4.5236,20.5618,52.2271,54.2832,349.962,853.316,671.549,185.056,375.459,1255.51,894.44,634.127,1634.67,114.2,274.706,24.4316,0.8225,133.652,166.045,16.0382,10.6922,498.008,1145.71,31210.4,55.5169,554.347,194.104,832.343,512.401,74.4338,1007.53,458.529,223.713,576.965,647.287,0.0,269.36,340.093,22.618,678.952,514.046,86.3597,346.673,92.117,1591.49,5.7573,120.904,7.4023,7869.84,45.236,562.621,150.924,370.524,138.587,111.445,215.488,1666.74,403.834,936.386000000001,40.7124,22.2068,7402.9,78.9574,771.069,162.85,154.214,216.722,0.4112,1341.04,2407.38,914.315,419.873,1030.15,546.122,172.719,149.69,946.254999999999,166.962,1157.63,2118.69,1359.96,871.41,967.64,1533.5,64.9754,1320.89,174.364,1478.4,1237.82,393.553,921.581,74.0226,385.329,265.659,194.926
TCGA-BH-A0HQ,290.618,150.258,8433.78,206.492,1021.66,71.08,598.782,575.838,283.87,112.468,29.6916,73.7792,298.266,166.003,191.196,120.116,44.9873,960.48,17.0952,39.139,108.869,103.921,157.006,313.188,134.962,20.6942,1397.31,141.26,829.117,662.214,227.06,76.582,65.6815,34.6403,68.8306,884.451,206.492,4518.98,379.243,351.801,258.677,84.0139,138.561,6438.59,1365.37,109.319,528.151,87.2754,544.797,139.461,5716.99,191.196,516.905,5733.64,15414.0,508.807,102.157,466.969,14.3959,840.364,160.38,93.5737,241.582,109.319,18896.5,1048.21,292.868,174.101,23.3934,5158.7,1513.37,11530.7,345.053,1335.67,288.819,290.699,414.783,202.443,122.815,907.845,406.236,1512.92,16.6453,292.035,1671.28,22.9435,5957.46,627.124,713.049,98.0724,177.25,1207.91,104.371,58.4835,301.415,2850.4,26.9924,26.5425,101.671,1065.32,170.952,583.486,167.803,67.481,107.07,1818.39,296.916,772.577,1225.46,480.465,367.097,142.61,1225.91,44.0876,423.331,1946.6,677.959,1766.65,444.475,1286.64,338.755,1091.39,273.523,589.784,1845.38,8.0977,71.5299,67.0311,113.368,541.198,698.653,875.004,363.048,416.583,982.074,1383.36,531.75,1411.7,207.162,292.868,26.8574,13.4962,220.888,342.201,21.5939,13.0463,397.238,1941.65,52859.2,148.458,430.079,191.196,560.092,363.048,168.702,1355.47,1134.58,793.577,471.467,559.193,87.2754,414.333,378.717,74.2291,682.458,468.768,1373.01,558.293,52.1853,2719.03,94.4734,125.515,27.4423,14255.1,161.954,409.241,171.852,365.297,263.626,154.756,188.947,2451.36,457.521,788.178,95.3732,81.4271,5742.26,74.2291,1198.91,122.366,159.705,112.468,0.0,1212.86,3158.11,1238.78,647.818,1112.54,326.158,105.72,34.6403,1475.58,110.669,1664.53,1750.91,1265.49,432.778,595.632,1298.33,141.71,1936.26,397.688,1110.74,1517.87,703.152,869.605,111.119,260.927,265.425,190.297
TCGA-BH-A18L,57.8035,59.8266,10331.8,683.815,1776.01,67.6301,331.503,392.775,1429.48,115.023,195.954,252.89,246.821,235.26,877.746,95.0867,34.6821,65.0289,110.405,228.902,549.711,291.041,208.381,2102.45,114.451,3.7572,860.983,644.509,832.37,127.168,843.988,299.382,19.659,80.0578,734.682,1342.77,1020.23,4446.82,146.532,1136.13,778.035,155.957,490.462,9936.42,372.832,173.121,744.22,36.4162,691.619,440.173,2097.4,393.931,270.231,4967.05,9008.96,381.792,275.506,802.601,2.8902,460.116,861.694,145.087,78.3237,106.069,18332.9,1177.17,258.959,216.763,155.202,5761.85,1885.26,12593.6,8.9595,1008.09,278.613,278.959,1826.3,653.468,134.682,866.763,106.358,4403.76,2.0231,775.801,1531.21,4.0462,4607.82,833.237,1678.61,74.2775,195.087,1274.86,141.329,245.087,1617.63,4687.86,8.6705,4.3353,282.37,242.575,310.983,422.254,126.879,756.069,27.7457,5834.68,326.59,1120.53,1452.6,166.474,290.751,728.035,648.844,78.0347,638.728,3680.35,97.1098,126.301,662.717,101.445,395.665,1151.45,794.22,1332.37,1660.98,0.0,470.809,244.798,934.971,353.757,1091.04,1242.49,2281.21,560.983,942.775,255.78,431.503,978.613,243.321,799.133,100.402,0.0,104.335,234.936,228.902,169.075,665.896,2081.79,27867.3,758.381,30.6358,344.798,602.89,460.694,61.5607,2353.18,40.7514,265.029,534.971,365.607,2.3121,328.613,263.558,264.74,1065.03,604.624,13.2948,1891.91,56.6474,1502.89,11.2717,144.798,119.075,11998.8,913.584,837.275,1139.02,194.798,89.5954,51.4451,286.994,963.006,2133.53,967.052,456.936,389.306,4764.74,169.075,1012.14,237.572,185.26,48.8439,0.0,1904.91,4928.03,1097.65,1411.85,1121.39,373.988,249.133,26.5896,979.769,11.2717,1421.97,1271.39,1407.8,100.289,58.6705,673.699,798.266,3136.71,1471.97,12.7168,1797.4,114.162,799.422,253.468,327.168,335.838,521.676
TCGA-BH-A18V,1326.37,964.123,42.0913,1735.36,4902.48,1094.37,2457.87,1729.06,3131.99,444.763,529.621,917.06,1736.35,1173.92,1574.28,566.741,149.805,43365.3,1569.31,666.169,570.387,2363.08,448.753,7356.47,416.273,4218.74,3745.46,2529.79,1724.09,4223.38,1282.72,691.252,166.39,181.954,3232.74,3788.55,2398.54,8698.65,1206.4,1338.97,1755.9,557.591,1034.39,30724.3,9216.01,561.77,2727.98,455.05,1521.25,847.46,29242.5,1290.58,887.895,5463.92,584.307,1783.74,1922.14,1553.4,33.8056,4974.07,1516.04,1443.37,3002.07,241.279,32914.1,4775.21,704.947,555.473,429.199,15097.2,5304.5,26895.4,748.695,4421.91,1117.24,651.126,4631.04,2636.84,861.38,3957.58,1543.79,3770.32,2037.29,1185.87,13937.2,816.969,4971.01,1206.96,4815.97,1080.79,583.976,2561.6,499.793,328.113,1895.1,5676.36,278.731,1462.92,378.822,1357.51,480.57,1379.4,249.565,737.427,378.49,8545.2,139.531,2156.18,3795.51,3307.98,1259.76,600.878,2312.7,526.307,1298.86,6421.41,832.878,5603.12,1917.64,1321.07,1134.48,1431.77,2519.51,4594.91,6017.73,129.92,816.306,1317.09,2306.4,1275.0,2492.67,1757.89,2848.95,1253.13,2235.48,3684.81,1068.85,7.2914,383.067,936.283,256.886,113.348,469.301,616.071,385.782,384.125,859.723,6532.44,3269.2,1116.91,1189.49,404.673,2521.83,1993.87,348.993,2378.66,5046.32,8794.43,934.626,1285.61,357.61,1205.4,592.099,1209.71,1155.36,7007.71,4043.42,2008.78,73.9084,6342.53,255.531,1002.57,263.485,5209.05,653.907,1739.42,644.627,1959.73,941.917,196.537,460.022,7321.24,1844.39,1264.07,763.278,381.805,13128.3,232.662,3369.29,296.008,590.936,824.923,2337.23,4545.86,9034.39,1940.13,100.754,3833.62,919.049,292.651,23.8628,17544.1,156.102,2136.38,2400.2,486.536,1088.74,1839.09,498.799,560.444,9301.84999999999,1254.45,12267.8,405.336,8939.6,969.094,213.771,1041.68,396.056,1007.54
TCGA-BH-A204,139.144,101.918,8870.05,395.188,892.521,51.7535,315.288,346.612,634.888,92.1371,190.217,268.074,727.727,561.571,300.76,590.625,10.8955,2.0429,5.2207,276.019,420.157,847.804,314.38,1361.88,87.1638,14.7543,2772.9,749.291,1736.69,86.7098,903.489,200.633,33.8418,105.323,664.624,1577.8,1005.56,3038.47,418.341,641.698,870.73,324.98,572.012,3697.88,48.5756,337.306,859.38,14.5273,1257.29,505.731,4114.4,372.716,584.27,4963.8,20559.1,1284.98,259.532,515.265,25.1958,1063.9,831.974,95.3354,38.5881,297.129,13344.7,1626.38,514.13,346.839,261.264,5279.76,1579.62,5167.86,0.0,1967.31,508.001,424.145,1313.13,745.886,204.29,1056.18,171.604,3151.97,22.2449,1360.42,1816.59,6.5827,2638.67,1005.1,1192.6,130.746,326.231,998.071,152.083,283.055,860.969,1959.6,8.8526,13.1654,357.735,286.408,603.564,436.273,359.324,556.35,44.0359,2490.75,558.62,1511.42,1084.33,54.7043,405.856,416.979,1311.77,33.5944,427.193,4870.73,241.289,241.516,282.828,847.35,472.818,905.913,545.001,639.882,1849.28,0.681,747.021,229.713,1012.14,887.073,2216.55,1614.12,2137.78,1200.32,1281.35,253.774,606.969,653.501,341.012,828.056,79.3508,0.908,61.06,282.274,220.179,0.454,845.534,1919.65,81125.9000000001,479.401,40.404,285.098,1156.05,629.441,91.0226,2183.41,293.724,545.001,285.098,416.525,1.1349,754.057,585.06,308.251,874.362,1636.82,0.227,1320.39,83.7589,3794.35,3.4048,118.715,204.517,3620.25,519.805,784.122,671.66,399.728,151.402,97.6053,580.638,850.755,2794.46,2611.28,235.388,206.787,8194.67,158.892,392.237,311.883,48.3487,214.505,0.0,1835.89,1773.24,1073.88,912.496,3883.78,139.825,201.566,41.085,591.306,34.5023,2338.44,4571.56,1001.25,188.855,124.163,922.937,415.163,1011.24,730.905,22.4719,1000.11,291.454,1008.06,173.193,323.686,538.191,804.676
TCGA-BH-A208,528.598,452.773,1479.03,255.801,774.376,396.557,634.928,386.534,267.567,94.1279,66.2382,83.2335,404.837,232.705,210.045,714.675,82.3619,939.972,47.064,52.7291,70.5959,111.123,176.49,496.982,584.377,253.187,1452.45,203.508,1242.84,699.423,117.111,104.286,71.9033,14.3807,223.989,1194.47,179.54,9925.7,1330.43,278.897,298.072,68.4737,105.458,5029.74,1282.93,157.751,1083.34,311.581,653.23,217.453,14737.6,165.595,878.527,4955.22,302.865,584.813,65.9375,372.59,44.0135,3584.27,174.594,44.8851,408.759,89.3344,38033.3,1035.84,607.474,305.916,19.1742,4120.27,2141.41,21602.8,186.077,4924.72,368.232,562.07,859.789,237.934,137.706,1989.76,1134.76,4016.12,157.316,579.505,2713.59,61.4446,8432.05,895.087,437.52,402.223,298.072,1441.12,186.513,93.6921,193.921,4125.5,47.9355,94.5637,124.632,2596.47,205.251,661.51,291.099,129.862,226.168,795.729,161.238,986.879,4882.45,648.872,634.056,58.3942,3479.25,244.907,482.841,2764.14,996.187,5187.49,923.412,1784.51,487.635,979.192,456.259,186.948,3019.07,11.766,65.3666,58.8299,177.797,1310.82,617.061,1665.98,316.81,1102.95,925.591000000001,2025.06,599.63,86.7197,209.866,495.915,20.9652,66.2382,642.771,525.055,22.2246,30.0686,377.383,2296.55,14415.5,88.027,923.848000000001,133.348,980.063,648.001,309.838,3348.51,2607.69,2144.9,458.873,1055.89,82.3619,363.002,554.187,193.049,1636.78,895.522,5183.14,424.447,135.527,1516.07,80.183,230.526,40.5273,4613.14,69.7244,567.103,117.66,1326.07,569.125,447.979,361.695,3334.57,479.355,1722.63,115.045,83.2335,6673.69,88.027,721.212,154.701,495.479,441.442,0.0,1799.76,1230.64,1881.99,120.71,1664.23,475.869,85.4124,413.553,2963.72,531.213,905.11,2763.26,868.068,1242.4,2025.93,1806.73,280.641,1831.57,105.022,841.486,399.608,1200.13,1547.88,304.608,617.496,298.943,189.563
TCGA-BH-A28Q,191.388,70.445,9330.05,118.671,951.639,83.322,702.43,756.463,88.3718,110.036,18.6843,25.2491,448.676,75.2423,82.817,236.837,46.7108,45.7009,41.9135,36.6112,74.7373,84.5845,213.86,142.713,113.368,10.6046,1568.98,98.219,837.26,128.518,91.8562,36.596,41.7115,24.4916,80.0396,1079.4,145.182,3532.85,389.089,193.408,86.3519,82.9307,70.95,9095.99000000001,256.783,115.893,423.175,49.2357,573.407,74.4848,5211.92,185.581,445.647,5880.26,13871.1,776.41,79.4741,534.776,20.1993,932.702,99.3729,58.3254,139.375,49.9932,13935.0,1322.3,342.125,306.272,18.6843,5536.62,1259.54,12464.2,24.2391,2490.32,393.886,437.395,474.431,256.531,86.0994,1588.42,1150.35,2042.15,20.7043,281.82,1800.51,22.9767,4515.24,858.717,583.507,102.006,220.488,1246.55,114.126,79.5347,222.192,2017.91,103.774,5.8073,143.415,676.61,266.63,628.198,125.74,64.6377,205.023,877.659,406.51,938.948,534.271,1059.2,383.281,62.8703,1428.59,67.6676,736.769,2334.28,294.909,814.031,647.892,737.021,316.119,1259.93,417.62,187.601,1523.03,8.5847,43.176,45.7009,133.82,966.283,1054.4,1893.18,303.999,700.915,1113.74,922.097,708.237,1811.37,164.16,695.865,17.0785,2.0199,110.844,381.279,20.4518,4.7973,577.952,2552.43,58657.2,70.6975,492.357,222.95,571.135,547.653,261.076,969.565,158.817,486.55,634.762,537.048,10.0996,401.461,394.401,47.4683,947.094,260.318,243.401,455.494,79.2822,2323.67,14.392,132.053,23.2292,9963.55,79.5347,622.203,231.282,272.185,252.491,119.681,347.428,1641.44,375.454,722.629,58.3254,28.279,5864.14,90.6443,1044.05,175.532,315.109,118.166,0.2525,1441.72,2789.27,786.873,559.773,1494.24,383.534,152.505,18.1794,942.801000000001,151.747,2176.98,1318.76,1308.91,280.77,348.438,1533.13,59.3354,1794.96,328.743,382.271,1165.25,287.082,829.938,48.7308,377.221,279.76,279.002
TCGA-C8-A12P,113.107,54.2606,3648.45,750.86,1246.08,1515.48,333.206,840.657,701.185,84.4287,221.628,276.271,1382.12,241.116,747.039,582.346,13.3741,15205.2,311.425,269.775,653.42,512.419,266.718,2000.78,260.986,2293.08,1777.99,540.313,767.673,1719.53,482.232,211.429,74.914,79.8624,495.988,2056.94,991.976,9486.81999999999,691.25,1166.99,1043.56,233.412,674.818,5883.07,2546.05,506.687,742.453,238.441,761.177,507.451,6456.25,798.242,579.671,4745.13,164.692,622.468,150.546,793.657,5.7318,1111.96,658.254,194.498,442.873,102.79,24882.7,2394.73,418.418,519.679,103.172,6427.59,2270.16,37082.9,0.0,3592.66,507.069,741.563,2098.59,1403.52,800.535,2150.55,693.924,9480.32,53.4964,622.984,1582.35,143.294,9983.18000000001,1242.26,696.599,120.749,437.524,2731.37,212.839,226.213,854.413,7528.09,16.431,68.0168,262.514,921.508999999999,489.11,1538.4,211.693,55.0248,60.7566,2448.61,202.14,1384.43,436.76,4499.81,760.413,331.295,2148.64,35.1548,659.152,3757.36,325.946,12458.9,682.461,473.061,505.159,2110.05,410.012,1018.72,2974.4,98.2041,223.921,215.896,554.452,515.094,896.828000000001,3136.03,951.089,1300.73,835.69,4723.35,1124.57,20.6343,500.955,2282.0,39.8854,15.2847,259.457,212.66,168.514,0.7642,690.485,3982.42,5816.58,487.581,261.368,274.742,478.028,419.182,124.57,2386.32,2698.51,4969.05,804.738,590.371,588.842,941.154,428.907,389.377,1290.03,1154.38,1232.33,2845.62,50.4394,4129.54,61.9029,497.898,163.546,54198.3,583.875,915.911,615.59,394.727,309.515,155.139,315.247,3175.77,1343.52,1144.82,308.75,473.061,6422.39,144.058,1467.71,126.099,968.284,572.029,2.2927,3116.16,2246.85,3880.37,454.719,1843.71,371.8,129.538,1241.88,1724.49,124.57,2738.63,2093.62,742.453,379.06,1409.63,497.516,701.567,7223.16,484.142,283.531,579.289,285.059,1975.93,348.108,581.964,805.885,600.688
TCGA-C8-A135,317.051,168.664,7476.96,606.452,242.857,252.995,646.544,658.064,699.539,175.097,316.129,188.018,454.839,273.272,790.783,734.101,45.1613,837.788,79.2627,176.498,496.313,495.853,474.654,1151.58,158.525,1169.12,3264.06,473.272,1037.79,335.023,475.134,357.899,46.1014,56.2212,541.475,1261.75,669.124,12096.3,580.184,1326.73,944.701,170.171,410.138,9029.95,406.912,307.373,908.295,244.701,748.387,556.221,5747.0,347.005,807.834,6814.29,2396.31,814.286,159.724,711.06,8.2949,1547.93,893.982,202.765,218.433,199.539,31106.5,2309.68,463.594,351.152,78.341,9273.27,2441.94,29012.9,193.548,2030.88,517.051,714.046,1980.65,460.369,180.645,1807.83,1752.07,8328.11,61.2903,657.263,2211.52,77.4194,10379.6,1194.93,1605.99,194.931,438.249,2159.91,398.618,183.41,1086.18,10456.2,40.0922,94.9309,474.654,758.014,518.894,1247.93,175.115,291.244,117.511,3917.05,155.299,1809.55,1727.65,1083.41,506.452,455.76,1428.11,52.0737,1149.31,2240.09,611.982,6898.16,1384.79,1989.4,586.175,3135.02,1046.08,541.936,3526.73,16.129,265.899,168.664,908.295,1046.54,983.41,1501.84,1291.24,1505.99,1756.68,1732.26,738.71,45.6221,687.599,916.129,83.4793,16.5899,264.055,324.12,218.433,23.5023,502.304,4055.76,28249.8,216.129,212.442,289.401,611.982,465.438,279.724,1776.96,966.82,3648.85,394.931,994.009,358.986,358.525,577.359,266.359,1756.68,763.134,793.548,1955.3,49.3088,2638.25,30.8756,179.263,83.871,96356.2,287.558,1030.08,663.134,411.521,164.055,554.378,512.903,5249.31,1541.01,834.101,390.783,397.235,4682.5,104.608,1432.26,195.852,721.659,97.6959,0.0,3169.12,1511.06,1637.16,641.014,1933.64,641.475,227.189,2605.53,3133.18,416.129,2632.72,2224.88,591.244,548.387,504.147,717.511,596.313,1313.82,502.304,2404.15,753.456,1136.41,1945.62,3676.5,829.493000000001,2708.29,375.576
TCGA-C8-A1HJ,3011.55,3001.4,54.2717,1626.75,6209.03,943.277,1273.46,4384.1,1878.15,531.509,415.266,1211.13,1766.81,3469.89,1558.12,2061.27,379.902,24636.6,1960.78,700.98,1321.43,2988.8,1176.47,5636.76,748.599,2755.95,6465.69,1985.29,4013.31,1438.73,2447.98,1841.24,494.401,146.008,1919.82,3800.77,2274.51,25745.1,1779.06,2090.69,1381.65,287.85,1283.26,27200.3,1024.86,684.874,3663.17,357.493,2666.32,2567.23,12107.1,1253.15,1564.43,15175.4,144.608,2196.78,690.791,3086.48,52.521,2972.34,1628.6,1657.91,2113.45,499.3,67465.7,9166.32,1467.44,822.479,315.476,5252.8,6288.87,21525.9,7460.08,23457.3,1199.93,1770.73,2653.01,2984.24,1303.22,3349.44,2277.31,21123.9,1891.46,1760.62,5306.37,121.499,6646.53,1581.23,2847.69,2231.79,1253.85,4905.81,248.95,749.3,2967.79,6563.38,68.9776,814.776,528.712,1016.99,913.865,2569.68,1621.85,642.157,497.899,4599.44,149.16,4763.83,2624.65,1195.03,620.448,1244.05,6660.36,479.342,1633.75,11583.7,818.277,3018.21,2278.36,7409.66,1476.19,3021.01,1257.0,3528.36,8893.91,242.647,499.3,421.219,1154.41,2071.08,3850.14,3533.96,4227.94,2894.26,4523.81,1714.29,3530.11,27.6611,1340.82,308.473,311.156,392.857,1156.86,763.134,316.176,489.496,2115.55,5272.76,4918.42,3295.52,1014.71,1068.98,1354.34,902.660999999999,480.392,1616.6,9146.36,2955.88,904.762,2383.4,3000.35,969.538,963.235,547.619,2178.22,3122.2,900.21,4662.11,265.756,6760.85,445.728,387.955,253.501,518.557,561.975,5004.03,2579.83,1604.34,516.457,1559.87,914.916,1149.86,1455.53,1517.51,1020.66,817.226999999999,10994.8,563.726,1984.24,1176.12,1145.66,203.431,241.597,2674.72,3264.71,2227.9,153.011,6232.14,587.535,377.451,1385.85,4346.64,725.14,3580.88,8879.2,526.611,551.821,823.529,379.202,1783.61,1298.67,1265.76,3170.52,300.07,9539.22,2103.29,1308.47,1109.94,2613.8,1135.15
TCGA-C8-A278,186.726,92.0338,6032.37,523.962,577.454,170.445,307.333,682.778,559.513,86.3856,207.658,257.495,777.47,587.754,1162.88,325.939,30.5672,11.9611,441.563,263.808,301.685,682.114,440.566,883.389,245.534,498.71,2825.14,614.334,1563.91,107.317,561.197,178.333,57.8119,49.8378,723.645,1627.7,768.498999999999,13390.8,696.4,708.694,467.147,256.435,520.639,7142.76,374.78,369.464,821.992,79.7405,1719.4,408.338,6690.56,877.146,1054.9,6828.45,4144.85,1416.06,180.473,1212.06,32.2285,1390.48,443.288,152.504,346.871,87.7146,32585.0,2231.41,443.557,287.066,181.077,6326.75,2733.44,18941.7,6.3128,2637.42,835.946,1117.81,963.531,552.535,489.74,1590.82,598.054,6356.65,66.1182,1226.21,1463.9,60.4699,9950.6,1327.22,846.246,102.334,619.318,4953.88,217.293,240.883,373.119,6096.16,32.893,32.5607,267.463,820.144,652.875,862.859,669.156,443.224,81.0695,2261.97,242.212,1855.17,1020.35,1875.9,877.81,147.852,2287.22,60.4699,701.383999999999,1967.93,219.619,4835.27,1025.33,791.092,554.861,1617.4,1482.51,480.437,3025.16,20.2674,166.791,284.408,455.85,797.073,1359.24,2640.41,1071.85,1567.9,1246.28,917.016,1065.2,20.2674,515.11,821.992,127.395,34.222,186.393,661.939,133.898,5.9805,971.173,7673.7,29403.3,259.489,87.7146,234.613,908.709999999999,861.197,187.058,1452.61,1308.41,2057.64,1400.11,1415.73,32.893,594.399,534.212,236.231,1121.02,226.264,122.601,1481.18,75.4212,3382.66,8.3063,499.707,116.953,64870.2,237.228,1023.46,542.9,427.941,194.368,111.637,1176.5,2220.44,965.856999999999,1251.93,254.837,198.355,7949.22,181.077,1438.65,310.988,219.286,207.325,0.0,1810.44,1606.77,1500.08,720.655,1749.97,465.153,97.3499,3964.1,2987.61,327.933,2457.67,6498.85,665.169,609.683,501.701,498.71,395.712,2265.96,505.023,11.9611,517.981,382.09,2153.99,881.133,566.822,1133.98,307.333
TCGA-C8-A27B,1732.97,1888.02,282.694,912.817,6253.72,1192.38,1290.26,2863.22,929.783,227.585,625.163,821.196,2091.36,850.17,2924.56,1245.89,55.5991,20382.9,1823.02,476.377,1554.16,1063.43,877.056,2257.24,551.031,3531.72,7538.5,1010.44,4670.32,9936.57,1618.93,352.918,158.476,211.955,1162.88,2661.19,1485.77,19860.1,4334.64,1409.03,922.213,275.946,539.807,18274.3,6392.59,392.848,1529.37,367.267,1520.75,993.213,15235.7,3243.54,1318.98,15646.6,912.817,1157.14,1081.87,1204.39,63.6909,4058.47,1450.22,374.315,4081.18,595.406,38516.8,2974.42,968.416,675.281,214.826,17367.5,1994.52,39966.3,3363.09,7067.87,1022.45,550.005,3517.88,2134.17,1719.66,2841.03,1469.33,7634.04,636.909,1782.66,4747.06,265.205,17594.0,1649.39,1842.6,218.22,602.976,6945.71,269.642,634.821,2464.63,5476.64,233.881,1764.03,564.082,984.568,1461.5,2797.7,249.543,850.17,66.5623,4344.56,151.657,1805.41,3438.27,2096.58,2492.3,959.541,3744.45,149.047,2208.82,17675.8,4051.94,6840.77,2533.02,2821.98,1418.95,1429.39,2149.05,2052.21,5889.32,150.352,707.909,454.712,1266.25,2549.46,1960.85,3131.56,1944.14,1844.95,2177.24,2906.55,2327.07,4.6985,482.929,1285.83,154.492,87.7056,462.02,592.631,384.234,521.274,1211.43,7260.25,6349.52,963.978,641.869,490.211,1898.46,1878.36,351.605,2855.91,1956.67,4796.66,1305.93,2157.92,1861.39,582.876,1345.83,429.914,2233.88,997.390000000001,1571.65,2316.11,238.319,9979.12,19.5771,425.215,113.025,1036.28,576.873,1641.74,955.363999999999,2147.74,1071.26,1256.85,687.027,2145.91,1929.78,1933.7,1518.14,425.476,15302.7,428.087,3155.57,266.51,535.63,528.322,254.242,2796.14,2573.48,1001.31,145.132,4170.97,1730.88,488.645,531.976,2687.55,870.791000000001,2867.14,3192.12,510.05,451.318,1045.94,396.502,930.305,5407.73,1006.53,26248.2,455.756,2214.04,985.904,941.53,885.409,593.057,1312.19
TCGA-D8-A1JG,165.061,145.139,3073.8,707.587,433.349,428.433,460.773,862.04,871.872,83.8083,293.125,364.53,1122.83,435.936,959.058999999999,281.483,280.448,15.5229,569.951,323.136,517.69,877.822,250.437,1108.47,281.741,1535.99,2093.53,699.826,1345.32,359.097,676.249,178.071,27.6981,107.626,621.176,888.429,1117.13,5441.31,475.519,1161.89,1511.16,446.799,390.661,5802.73,295.195,472.156,1093.33,396.352,1259.17,522.347,4872.65,948.192999999999,969.149,6419.51,837.98,404.89,481.804,467.499,16.0404,1445.19,1095.86,444.991,270.617,248.108,24335.8,2347.59,352.112,401.527,184.464,3594.34,1916.82,26538.8,0.7761,2581.46,366.6,406.44,3552.94,551.841,210.336,1362.66,1020.89,2744.97,108.402,582.708,2402.43,36.7376,7108.06,886.719,927.754,61.3156,1214.67,2621.31,257.94,427.916,1189.57,11915.4,152.901,27.4239,539.163,492.794,573.831,1147.4,621.694,136.861,91.8441,2764.64,120.044,678.598,1661.73,2072.31,1394.74,428.692,785.719,40.3596,527.263,1856.54,321.842,2111.12,1104.72,2323.53,504.754,1814.63,1111.44,787.789,2334.65,92.6202,441.628,317.703,1329.02,2337.24,1226.83,2390.02,1138.61,598.409,1072.12,915.077,632.56,9.8312,929.863,1751.5,108.322,9.055,375.138,974.553,98.0532,321.066,595.046,4774.34,22178.9,313.822,124.442,359.356,496.993,630.231,107.626,2282.13,940.949,9782.56,571.503,1235.63,456.633,459.22,708.03,592.717,1515.82,2848.72,124.442,850.14,42.6881,2204.0,3.622,253.283,239.829,20037.3,411.617,532.708,506.565,557.015,604.619,321.584,1071.6,4754.93,2919.61,714.831,970.960000000001,743.808,7821.97,171.27,2475.13,176.962,511.998,172.563,0.2587,1507.79,2339.82,2707.81,664.899,1754.87,783.391,136.861,1198.63,1444.15,78.9083,2737.47,2314.99,1147.4,434.901,456.633,733.976,546.925,3508.7,361.167,835.652,407.218,527.521,1790.83,2007.89,330.639,666.452,476.813
TCGA-D8-A1XF,131.039,30.7504,8177.86,602.429,2495.68,32.4976,1244.69,485.367,1144.06,137.315,289.333,354.678,832.707,305.408,583.559,616.755,1.3977,29.0032,1130.43,361.317,583.559,1275.09,505.635,2114.1,65.3446,10.4831,1680.09,636.324,1535.07,48.9211,556.722,293.01,32.5116,200.926,546.868,2387.0,955.01,3446.49,201.275,375.994,594.042,504.289,549.664,11989.5,193.238,435.048,624.094,9.4348,1673.1,373.198,3737.92,477.68,261.029,5584.0,17067.5,1397.4,1126.19,927.405,6.6393,1311.44,917.442,293.876,64.2963,64.2963,19979.4,963.047,254.39,383.681,222.591,5696.86,895.606,8272.21,16.773,2161.96,498.646,296.913,1602.52,580.065,227.134,1841.53,114.266,7022.98,3.4944,759.413,1991.79,4.1932,6547.79,1256.86,2253.52,57.657,440.989,1467.63,156.198,316.24,1557.09,3906.35,5.9404,3.1449,220.145,239.941,566.437,1707.0,136.63,986.809000000001,37.3897,5108.76,194.986,1925.79,1790.86,5170.61,190.094,446.231,2650.13,275.705,592.644,2726.3,168.079,55.9098,195.685,114.965,1112.26,1147.2,665.677,1980.61,3347.6,0.6989,407.792,381.235,959.902,229.58,1918.76,1273.7,1160.48,1152.79,2798.29,914.475,854.722,911.331,507.26,923.91,68.3708,1.0483,40.8841,122.708,118.808,0.6989,1268.8,1833.14,61290.8,716.345,74.7794,327.422,850.179,423.168,118.808,1205.56,3649.52,529.746,557.002,498.646,13.628,602.429,385.729,568.533,651.699,66.0435,78.9727,1109.11,105.18,3390.93,346.641,201.625,90.5041,8059.05,727.177,1653.83,1053.2,386.477,250.895,283.743,226.784,1257.97,2522.93,1439.68,260.68,481.873,5639.56,97.8422,2096.97,256.137,34.5942,50.3189,0.3494,2156.02,3603.04,853.628,498.646,3475.85,191.142,157.945,16.773,397.309,25.5089,3275.62,1979.91,424.216,118.808,90.5041,936.14,272.91,2079.85,1439.33,4.8921,1578.4,166.681,1198.22,3235.78,491.308,526.601,1601.12
TCGA-D8-A3Z6,194.626,154.325,6339.45,119.921,730.341,61.599,617.3,230.341,147.772,68.1324,16.7104,59.9607,443.316,37.6802,122.215,122.543,9.1743,616.645,25.8847,47.8375,95.675,112.058,111.73,367.326,159.567,17.6933,788.008,93.3814,613.041,595.347,87.4148,84.4463,57.3591,21.6252,135.649,1457.08,116.645,2806.68,266.71,110.419,168.087,48.519,118.611,8488.53,887.615,106.815,543.578,50.4587,614.679,93.3814,3907.93,110.747,361.075,5066.51,10610.1,681.52,79.2235,460.026,9.1743,834.207,122.778,24.574,340.433,143.185,14355.5,786.37,312.582,186.107,14.4168,5473.46,1341.19,10626.5,217.89,2244.43,343.054,261.773,209.371,165.793,134.666,1128.11,275.885,1240.83,32.4377,225.813,1528.83,11.1402,4509.42,512.202,785.059,163.581,139.908,1661.21,99.2792,42.9227,106.16,2195.61,32.1101,25.8847,119.266,807.002,368.283,939.712,131.062,73.7221,107.143,740.498,255.898,1097.85,354.849,1062.58,317.169,47.5098,965.596,50.4587,550.786,1051.44,481.651,404.325,789.646,783.093,249.672,624.836,435.78,320.773,1186.44,3.6042,34.076,102.228,68.8073,332.569,566.514,647.444,370.904,687.418,1018.68,1893.51,243.447,1048.82,140.524,247.379,22.0773,234.928,113.368,240.799,23.9187,5.8978,519.332,1612.39,80648.1,95.675,291.94,119.921,456.422,375.491,114.351,854.521999999999,945.609,1144.5,530.799,440.695,49.8034,522.936,444.397,46.8545,720.511,255.57,844.692,280.144,48.1651,1402.36,51.4417,204.456,14.7444,8032.77,154.653,783.542,287.68,288.336,158.257,174.64,227.392,1465.92,323.067,920.052,45.5439,95.0197,3713.02,84.2071,1189.06,110.747,182.176,87.156,0.6553,1322.74,3719.2,891.848,832.569,981.979,263.106,119.921,107.798,1350.59,139.908,1094.04,1838.79,1078.31,355.832,532.11,999.672,78.3093,1957.73,158.257,424.64,1169.72,227.064,978.047,115.334,381.717,339.45,306.029
TCGA-E2-A109,145.343,55.1193,12291.0,600.462,2085.3,53.5797,557.968,317.475,1053.73,75.1224,315.935,333.795,357.814,316.243,808.622,227.868,27.7136,27.4057,15.3965,410.162,208.776,484.988,282.987,1683.01,83.4488,27.4057,1349.35,961.047,1391.22,132.41,1159.75,476.699,37.8876,104.388,711.316,1484.22,955.504,4589.38,412.933,984.449999999999,1477.75,239.871,586.913,9855.89,236.798,363.048,962.894,44.6497,1191.99,797.229,3773.98,441.878,334.103,5244.65,11354.3,353.811,343.446,491.147,6.7744,917.013,866.029,96.9977,133.949,139.8,21890.4,1834.64,379.985,282.679,206.62,10464.7,1640.95,9211.7,4.6189,2760.59,493.303,405.888,975.828,799.692,205.081,1531.64,224.172,3887.61,17.8599,862.226,2598.92,31.1008,4814.14,960.123,1822.94,98.2294,380.816,1723.79,106.851,233.41,1077.75,4791.69,9.8537,24.3264,274.057,889.118,541.955,1217.55,117.013,567.821,72.3634,2701.15,273.749,1049.47,1165.82,1073.75,290.069,152.425,903.464,51.4242,382.448,1440.18,189.684,356.89,441.878,767.667,1103.62,968.745,1292.07,1495.0,4231.56,2.4634,376.289,372.902,1224.02,651.578,1690.22,1391.22,1937.8,1244.34,1126.71,537.029,530.87,1126.71,277.346,630.331,182.938,45.2656,72.6713,166.855,300.847,3.0793,616.166,3082.68,55944.9,503.464,153.657,294.688,624.48,463.741,177.675,1958.74,469.284,1508.85,414.165,797.229,2.4634,375.981,382.984,267.591,1676.98,211.855,14.7806,1907.93,51.7321,3604.93,20.9392,149.038,149.962,10861.9,900.693,657.078,673.441,270.362,103.464,213.703,321.478,1135.64,2076.98,938.568,391.07,718.707,5917.92,131.178,1437.11,211.547,92.3788,91.147,0.0,2002.46,2815.4,1116.81,1535.03,1953.5,299.923,275.289,44.0339,3119.32,105.928,1683.76,1857.12,1023.86,351.963,641.417,792.302,641.109,1764.74,502.233,11.7013,1495.61,153.657,1014.93,2286.68,464.973,415.089,557.66
TCGA-E2-A14N,2496.76,6603.52,129.998,2627.65,8196.55,2025.91,420.37,2300.2,1231.63,285.012,1077.95,1219.57,2852.8,1566.23,1729.28,798.302,569.577,39125.7,1472.41,837.613999999999,1374.13,2045.12,1171.32,4798.93,476.658,4208.62,3092.69,1882.06,3396.02,1951.75,1782.99,1142.63,118.829,173.33,2053.61,4579.4,1277.19,26498.5,3426.4,1699.35,1329.91,464.239,605.762,22813.9,4968.05,855.929,2863.52,279.204,3747.15,2011.61,15198.6,1252.18,999.329,21676.1,3979.89,4306.9,500.049,1731.96,132.678,1410.76,1479.57,583.426,1231.63,158.588,27549.2,6475.76,477.105,353.361,306.455,9520.65000000001,7329.01,23237.0,2030.82,10984.6,796.961,1569.35,3019.88,1321.87,1640.83,1879.38,3548.35,11279.9,354.255,2025.6,8115.69,496.761,16596.6,2795.5,2129.1,436.006,1249.7,5121.28,328.791,658.029,1835.16,8620.5,102.3,1387.53,600.848,989.751,2177.8,902.836,929.193,1321.42,213.982,7219.11,49.14,4951.96,6436.45,5466.6,1744.47,536.073,4606.65,497.207,1638.6,2041.1,341.3,4125.97,3452.31,6775.06,1332.14,2440.02,2463.25,1343.76,5546.57,34.8447,354.255,473.531,1109.22,1404.51,2527.14,2025.91,1825.33,4487.37,4410.09,2784.0,1586.33,10.2747,503.689,1532.27,283.475,189.412,968.058,509.081,258.655,504.802,1803.88,12824.2,9686.39,1230.73,1161.94,424.838,2198.79,1392.0,450.748,2317.17,3240.56,2883.62,1295.51,2185.39,1091.8,976.546,426.16,376.591,1788.25,1902.61,1564.89,2230.06,195.22,2436.0,418.583,1212.42,129.551,1179.36,775.518999999999,3469.74,1659.59,302.434,500.334,1361.62,2979.22,3345.09,1883.4,1582.31,1492.96,566.45,14655.4,381.058,2332.36,792.494,1632.34,1048.47,126.424,4950.63,3042.66,1877.26,134.912,2322.09,2040.65,540.987,2971.18,5013.17,299.307,2342.19,7177.12,438.686,5087.78,1299.53,263.569,2819.3,2469.06,1162.38,16316.7,447.621,2811.7,3521.1,1204.82,1310.7,1406.3,1962.47
TCGA-E2-A14P,142.972,85.3024,8691.23,1611.93,870.244,38.0457,574.69,734.081,1567.88,66.4638,309.572,488.987,675.611,530.236,1857.03,130.957,13.6163,213.857,187.425,372.447,657.589,1267.52,267.12,2649.34,89.3072,199.039,1298.76,1126.55,1065.68,989.587,395.178,423.616,36.0593,118.542,1092.11,1393.67,1376.05,10018.0,424.91,1292.75,1345.21,145.234,958.35,6041.25,3702.44,375.651,1517.02,107.329,1266.72,799.76,6931.52,915.098,883.46,5799.76,4983.98,575.09,790.427999999999,464.157,14.4173,1616.74,1454.47,213.056,174.609,144.573,32072.1,999.999999999999,298.358,317.982,175.411,7583.5,3037.28,25355.6,63.6764,4103.72,480.977,566.568,1714.86,1253.9,437.325,1812.17,1221.87,12897.5,18.0216,322.964,3189.43,40.4485,13280.6,839.407,1378.85,70.8851,563.476,8022.43,157.789,283.941,601.922,8515.42,11.6139,14.4173,513.416,1917.22,705.246,1434.92,275.531,205.847,29.2351,1951.54,220.665,2183.19,1428.11,2958.75,268.723,293.152,870.244,23.6284,527.833,2609.13,488.186,3361.23,2246.7,3218.26,1297.16,1048.46,567.481,265.519,6476.17,2.0024,250.701,344.814,1164.2,715.258,782.139,1614.74,1342.01,1245.49,1237.48,1450.54,387.265,16.0192,447.633,1914.7,236.732,6.8082,153.785,509.892,251.902,390.469,486.584,5690.03,11838.6,327.193,789.748,151.782,405.286,201.442,286.344,1216.26,2174.21,5226.27,1002.0,414.097,12.4149,886.263999999999,409.211,400.08,569.884,187.024,875.851,1959.15,32.4389,4095.31,33.2399,490.188,115.338,179673.0,262.715,1747.93,436.524,572.287,291.149,391.67,329.996,2028.83,1015.22,821.786,354.826,348.819,6423.87,134.962,3633.96,205.446,1725.67,64.4774,17.2207,1727.27,2136.96,1650.78,418.903,1799.76,674.009,446.536,3740.49,2839.41,263.917,1816.98,4747.3,563.476,446.936,2291.95,653.184,551.462,1672.81,573.488,83.7004,1513.42,152.183,640.769,1675.21,557.469,593.913,1269.12
TCGA-E2-A15A,116.452,98.5364,6134.85,717.268,1238.42,61.7452,524.034,388.707,834.04,130.833,162.841,245.381,512.837,318.644,798.848,394.785,9.2778,48.6283,28.1532,178.517,320.563,410.462,262.977,1868.5,185.236,28.4732,1932.98,803.647,1433.9,108.134,580.782,350.53,62.7209,94.3773,797.249,1740.38,919.459,4202.51,326.642,500.36,1059.59,205.864,470.607,9912.18,695.193,256.259,930.657,50.8678,1062.46,274.174,4887.47,320.243,538.111,4922.66,7530.03,559.546,526.52,527.553,5.7586,1324.16,880.736,220.107,247.94,151.004,24671.8,1770.78,330.481,266.176,96.2969,4939.61,1932.02,8069.74,13.4368,1953.77,394.465,402.742,1693.67,925.538000000001,760.457,1081.98,332.72,2465.65,20.4751,602.041,2431.74,29.113,10184.4,1137.51,879.469,95.3371,339.119,1053.19,105.255,301.368,746.381,4167.96,10.5575,21.4349,242.822,490.893,574.262,641.446,136.287,511.237,55.3467,3584.1,214.668,1245.53,677.278,175.638,487.883,435.416,1865.15,33.9119,731.025,2195.95,246.021,472.846,811.965,294.649,620.011,1391.35,694.553,1171.24,2727.67,0.3199,363.113,459.41,867.312,655.203,1560.91,1808.21,1288.01,718.228,1432.3,451.412,409.822,1266.26,460.577,621.291,136.185,5.4387,194.193,403.516,197.393,3.1992,937.375,3527.79,30464.7,318.963,369.191,270.655,572.023,494.281,134.688,798.848,613.933,623.21,631.848,670.559,5.7586,491.082,437.537,434.136,649.124,484.364,73.9023,1050.95,27.8333,3117.33,6.0785,262.977,178.517,8478.93,743.822,1048.64,533.312,298.488,234.184,56.9463,285.052,2501.48,1777.17,1810.45,260.418,423.258,6416.11,137.887,852.275,156.442,222.667,87.9789,0.6398,2654.08,4493.64,1198.43,876.27,2331.92,203.791,114.213,31.3525,1905.46,71.3429,1722.47,2730.22,807.166,370.151,341.038,596.337,276.734,3206.27,782.212,13.7567,1219.87,426.138,971.927,565.304,583.22,352.875,445.333
TCGA-E2-A1B0,238.024,194.95,4396.03,643.335,1402.9,212.217,769.959,956.554,1375.42,193.645,116.042,291.868,792.239,448.942,893.056,782.399,192.351,87.4489,333.086,164.872,644.077,686.409,258.448,1495.05,405.867,806.907,3213.33,854.252,1186.04,587.078,666.745,308.396,51.0639,105.83,793.168,950.241,756.405,6866.51,585.407,736.91,1571.11,129.97,476.606,8305.05,9889.70999999999,568.882,2476.05,39.1756,749.907,746.008,7297.07,665.058,852.209,8822.32,349.61,1174.16,443.233,925.919,5.9413,1835.87,804.07,188.08,280.171,232.64,32796.5,3140.18,369.291,376.346,379.131,8042.89,1949.87,37988.9,19.495,3397.7,209.246,672.881,2924.06,1248.42,448.57,2317.3,550.687,3337.54,25.9933,721.482,1806.35,243.78,7234.69,857.735,927.776000000001,287.412,492.016,2097.47,287.598,301.337,1930.38,5657.63,28.0356,30.078,441.701,982.044,455.811,1129.22,328.073,240.067,90.6053,5586.15,200.706,954.644,2722.24,1249.54,926.29,880.616,1631.64,50.687,730.412,4483.66,884.701,6187.34,1365.95,563.127,856.108000000001,2368.18,1810.81,1457.11,4927.4,69.625,264.018,259.376,791.682,1254.55,957.111,2548.83,1320.27,1386.56,855.18,2109.54,721.686,13.7393,579.798,707.389,146.108,203.119,634.98,502.074,168.585,2.785,559.042,8423.32,30378.0,426.847,1020.42,288.526,807.278,531.935,199.963,2155.4,1119.2,3703.68,676.383,1213.52,229.669,508.726,540.384,905.124,1179.91,1129.41,855.366,1427.59,48.459,3223.73,32.1203,241.181,326.587,116273.0,353.509,618.695,832.343,728.37,689.009,124.768,1020.98,4460.45,1809.32,994.800999999999,637.393,335.128,9035.41000000001,153.175,1082.06,128.296,1217.42,153.732,3.342,3142.78,1865.39,1895.83,267.546,2999.07,804.493,204.976,1468.07,3597.29,170.256,3621.8,3135.72,729.484,467.137,1153.92,615.485,410.694,2867.06,967.693999999999,25221.9,371.89,1849.05,1482.36,808.391999999999,518.752,894.541,497.401
TCGA-E2-A1B4,125.306,65.8251,11326.2,121.869,455.489,27.4932,583.174,168.66,45.9983,20.8843,22.7348,39.918,396.008,39.3893,93.8471,69.7905,6.6089,342.608,2.6436,20.8843,12.9535,34.6309,86.9738,116.587,98.0768,12.6892,1059.28,73.7559,753.949,514.176,81.7236,79.1673,37.8032,5.2872,56.3082,1291.39,51.2854,3809.93,195.889,163.902,46.7914,54.2119,47.8488,5151.81,408.697,84.5945,184.257,24.8496,850.704,34.3665,2726.59,94.3758,389.664,4713.24,25210.8,322.781,20.6675,308.506,7.6664,903.575,54.3441,48.3775,180.028,123.719,14433.4,741.788,245.589,207.521,7.402,2994.91,1648.8,10017.3,154.121,2150.02,415.571,300.533,86.445,89.0886,81.4222,1113.21,1055.05,1383.65,50.7567,225.397,1323.9,220.739,4249.06,725.398,240.037,227.298,136.144,1893.86,200.648,45.4696,47.0557,2397.73,16.3902,17.9763,76.3994,864.038,121.605,838.808,186.637,33.3091,37.2745,357.676,474.522,1054.38,353.182,110.237,137.995,11.6317,825.59,24.3209,371.423,1186.97,222.589,330.183,967.814,492.763,278.633,785.143,274.668,61.5954,1863.19,2.9079,12.9535,33.0447,54.4577,476.637,695.261,950.102,189.809,662.481,1213.67,1001.39,241.623,2151.61,138.143,362.964,16.0227,3.1723,271.76,243.246,12.1605,6.6089,357.148,1517.94,93652.0000000001,41.2398,379.882,103.893,590.84,364.285,145.132,541.405,120.019,1390.52,384.905,439.099,43.8834,433.018,504.131,23.5279,961.47,281.277,439.892,450.466,45.7339,1928.76,12.1605,149.098,0.2644,10905.0,39.125,981.442,85.652,311.414,251.669,115.26,340.493,1947.79,178.442,1030.47,21.413,46.2626,3666.64,113.938,780.385,174.212,98.8699,112.352,0.0,1447.62,1913.69,1355.58,711.652,813.958,527.394,136.937,24.8496,1252.53,72.6984,837.75,1787.59,1167.67,360.32,350.803,917.851,95.6976,1069.06,45.2052,136.673,1683.7,98.3412,737.823,22.4704,761.88,367.986,227.083
TCGA-E2-A1IL,255.417,111.888,10738.0,175.169,747.908,84.8332,504.872,743.781,136.192,64.6521,23.3864,49.0657,271.925,35.309,132.065,137.567,20.1765,297.146,18.3423,46.7729,81.6233,94.4629,142.612,287.305,105.468,18.8009,1195.46,177.003,1000.11,451.68,129.611,57.4206,16.0541,26.5964,86.6674,1063.85,149.49,2262.07,735.068,164.164,148.114,150.847,108.22,4974.89,314.571,112.805,475.983,72.4521,492.95,115.098,4497.08,192.136,394.818,4754.33,13118.9,479.651,47.3232,245.328,7.7955,1024.88,133.954,57.3197,126.103,128.855,18160.7,1077.61,521.38,237.533,16.0495,3958.27,1513.24,9294.51000000001,71.0765,1726.47,275.593,249.804,202.683,276.052,275.135,829.073,332.454,870.801,62.3639,239.179,1758.11,47.2315,4105.9,844.663,508.541,101.094,142.153,1555.43,187.092,42.1873,215.981,2459.25,15.1324,13.2982,125.645,752.668,163.705,537.888,66.9494,54.1098,75.2035,957.469,307.692,857.966,1122.09,253.124,304.941,41.7288,746.991,41.2702,595.208,1468.3,308.151,262.754,370.515,358.134,268.256,1112.0,255.417,235.24,1368.8,6.4198,77.9548,35.7675,98.5899,719.019,897.856,1226.18,375.1,302.648,926.744999999999,791.929,552.104,1118.88,129.442,340.709,35.098,17.8838,285.682,230.71,17.8838,6.8784,607.131,3384.16,23052.2,77.9548,551.187,181.13,743.781,392.067,312.736,788.261,752.952,1969.51,477.359,444.342,10.5468,357.675,624.739,52.2756,886.851,255.417,398.945,273.3,64.6567,2513.36,18.8009,90.3359,17.8838,10038.7,119.684,646.103,108.22,289.35,196.721,86.6674,432.42,2042.42,392.067,569.07,60.5296,45.8558,6041.82,91.253,943.253999999999,102.717,118.308,87.126,0.4586,1322.02,2698.61,901.525,1042.76,1675.11,139.86,123.811,20.1765,1102.83,100.424,1322.48,780.007,1126.22,454.431,446.635,2230.43,58.2368,2280.41,137.567,220.566,1889.26,761.206,937.751,55.9441,224.693,199.473,324.2
TCGA-E2-A1IU,194.861,108.53,6666.39,145.94,669.681,69.0647,623.638,282.425,184.995,55.0874,27.5437,57.554,288.592,85.5087,145.94,131.963,9.0442,992.395,13.9774,41.11,85.9198,97.0195,118.808,361.418,108.119,18.4995,1252.21,156.629,938.130000000001,393.011,186.055,63.2477,38.6434,23.8438,150.051,1313.46,198.561,2471.94,301.336,215.416,221.172,110.652,158.273,5006.37,672.559,82.631,526.208,38.6434,646.66,111.408,4752.72,152.518,382.734,4482.63,8478.52,468.243,112.559,264.748,3.2888,806.578,158.619,51.3875,192.806,126.208,12405.8,1170.4,446.454,276.67,31.6547,3708.94,1579.86,11634.5,231.86,2508.12,363.823,304.037,231.449,297.225,273.381,1308.53,374.512,1378.83,8.222,323.519,1192.19,39.4656,5296.78,723.379,501.542,90.853,185.406,1350.05,112.23,71.9424,149.229,1965.06,23.4327,13.9774,115.108,483.137,174.717,980.062,125.385,71.1202,63.3094,832.888,466.187,1001.87,914.697,167.729,372.045,58.7873,504.83,48.5098,514.286,1888.59,383.967,460.432,342.857,418.911,294.347,817.266,453.443,200.206,1571.63,5.3443,63.3094,94.964,116.341,429.599,782.734,734.224,458.787,775.334,917.574,960.328999999999,268.037,1195.89,160.798,647.071,33.4512,5.3443,80.1644,242.824,35.3546,21.7883,548.818,2824.67,105419.0,151.696,328.058,87.5642,682.837,493.731,162.384,934.841,205.961,783.145,477.287,376.978,73.5868,289.414,627.589,62.8983,1521.48,635.971,984.173,556.629,36.5879,2446.87,64.9538,97.0195,26.7215,10754.4,112.23,685.69,142.652,245.838,220.761,125.385,594.45,1457.76,446.865,822.611,87.9753,55.0874,5624.26,91.2641,866.598000000001,87.1531,125.385,36.5879,0.4111,1665.78,1709.35,947.136999999999,895.786,975.129,83.8643,97.0195,32.4769,1338.95,98.6639,1374.72,1646.04,1248.51,228.571,208.016,1953.55,129.085,1777.6,169.784,277.492,1667.42,185.817,801.233,40.2878,457.143,321.48,237.204
TCGA-E2-A1LI,2834.74,3937.2,55.5889,1520.43,7156.85,960.637,2646.03,1885.52,1767.43,759.603,570.012,858.774,3244.59,1551.08,1463.34,1110.58,155.048,31422.2,1055.29,580.829,733.173,2322.42,1467.25,2896.81,548.377,375.601,5862.68,831.43,4066.71,2502.7,1501.84,792.138999999999,544.183,138.522,1361.78,4627.1,1807.99,8056.19,2324.22,1917.97,1185.7,237.467,796.875,22828.1,5490.08,812.5,2371.69,856.07,1761.72,941.106,19579.0,1333.23,1441.71,13523.4,558.594,1869.29,705.847,2183.59,54.988,3597.36,1619.26,561.899,2134.31,483.474,41395.7,2687.2,810.697,614.183,317.308,17031.2,3784.25,22012.6,4478.67,4707.03,761.718999999999,654.159,5118.39,1582.93,726.562,3616.29,1686.3,19997.6,2943.21,2118.21,7125.6,780.048,8937.95000000001,1176.02,3878.61,471.755,946.385,3447.72,635.817,336.538,2141.23,7734.38,28.5457,356.671,337.139,3245.53,1409.56,1783.65,524.639,668.269,253.305,8363.58,159.555,5501.97,3135.22,2835.04,4027.64,957.631999999999,14055.9,1078.12,2983.17,12488.9,4067.01,10509.6,2322.12,1332.33,1204.93,1949.22,2593.15,4293.87,4329.63,206.43,496.995,410.757,1125.0,1625.3,2147.24,1999.7,1870.79,1642.43,3837.44,4927.58,2494.29,14.1226,782.659,1780.65,147.578,142.127,682.091,341.064,298.978,429.688,2518.33,4713.34,7022.54,1280.35,746.394,635.216,1568.81,1402.04,887.320000000001,5228.97,1889.72,486.178,630.409,1641.53,3056.19,585.637,1319.34,521.635,3429.09,1859.98,1842.25,2073.32,385.817,8349.46,101.562,316.106,162.56,5524.64,761.418,4879.35,1803.49,3855.17,428.486,12.3197,450.721,3597.06,1694.11,2409.25,1008.11,535.156,13866.4,272.536,2697.42,427.584,790.865,987.079,794.471,3148.44,6693.81,936.899,95.5529,4029.15,948.618,787.26,704.026,13333.5,1191.41,2313.1,4965.75,484.675,2896.03,1179.39,311.599,932.993,2390.62,1869.89,18294.5,471.755,1154.15,1042.97,975.06,835.637,820.312,2808.89
TCGA-E2-A573,1729.58,6033.69,45.3064,1110.24,7922.55,2101.38,2049.53,2180.78,1698.29,383.003,601.127,1097.16,1853.36,1197.58,1167.22,1084.08,78.9359,21673.3,622.613,314.81,680.53,1186.37,831.863,2651.82,631.954,579.175,4314.38,1019.63,3092.05,1883.25,843.848,1034.31,412.896,113.967,1364.33,4356.42,1044.38,12927.7,3743.62,2032.72,868.762,231.651,523.125,19082.4,4263.01,1021.03,2513.8,863.624,1773.02,1074.74,6624.54,922.943,2028.05,9586.74,219.993,978.524999999999,548.362,1216.73,26.6234,4327.93,1067.46,603.463,2909.89,343.301,43221.8,3610.5,957.974,654.374,311.54,11092.1,3769.87,27130.1,2809.46,8646.52,970.118,972.911,1602.54,851.947,1257.37,2096.71,1614.22,17508.4,1695.49,1259.09,3522.69,576.839,22224.1,1441.33,2934.17,334.427,520.323,4473.66,345.169,691.273,1048.59,8658.19,290.522,182.627,226.065,2021.17,1730.52,2104.65,601.594,316.678,359.182,4580.15,147.596,3183.79,4801.08,5595.11,2414.78,593.654,4226.11,762.269,1428.79,10296.2,1242.89,12233.2,5042.56,4721.68,654.374,2262.52,1351.25,1993.95,3363.88,43.9052,219.526,269.503,364.787,1810.86,3227.5,2150.42,1542.75,1942.57,3852.91,4897.76,1692.22,14.4794,1627.57,1412.44,150.501,225.131,448.86,1053.63,228.867,140.123,1754.81,7261.17,8520.41000000001,1394.69,989.734999999999,450.262,1482.5,1407.3,403.087,3464.77,4103.73,1286.33,631.487,2565.18,1329.77,773.946,601.118,468.945,1170.49,1432.99,1324.63,1585.72,258.76,5610.05,100.888,533.401,90.6128,2909.89,829.061,2143.22,1377.88,1439.06,366.188,391.877,1262.97,15957.2,1596.0,2527.82,745.921,915.47,18910.8,142.925,2811.8,296.594,2348.46,998.608999999999,553.953,2259.72,5527.38,3976.19,89.2116,1782.36,1371.8,602.996,895.385,7097.23,337.696,2693.16,7978.13,688.471,1905.67,1699.22,346.104,1259.24,2486.71,1347.52,8601.21,406.356,462.406,1427.85,838.401999999999,595.989,1575.92,1731.45
TCGA-E9-A2JS,245.433,49.6381,7134.09,489.142,1047.91,72.3888,526.025,338.159,1565.67,82.0338,377.456,360.565,467.77,287.142,658.738,506.032,32.7473,434.333,493.623,168.907,342.296,259.221,230.265,1884.24,151.327,18.6143,1068.25,700.103000000001,985.867,127.542,986.967,394.729,46.8873,85.4878,454.326,1274.04,875.56,4096.86,289.9,873.146999999999,1203.03,316.777,897.277,5566.7,625.302,237.849,744.915,54.1193,1327.47,488.108,3154.77,275.078,402.275,4214.75,10042.7,598.759,360.858,545.329,4.8259,698.725,710.279,186.143,195.105,77.9042,25176.1,1400.9,239.228,322.303,168.907,3734.92,1859.36,15031.4,60.324,2443.98,607.721,494.905,1188.9,765.253,440.538,950.362,213.719,2425.72,19.3037,1339.62,1760.08,42.7439,5936.47,1101.78,988.968999999999,78.5936,307.135,1467.08,110.996,183.73,745.605,6319.89,16.546,26.8873,219.579,784.106,632.885,893.83,217.511,275.767,64.4605,2771.11,192.003,1016.42,762.84,360.91,322.303,454.326,1048.26,189.935,377.801,1348.5,243.709,1598.41,482.248,239.228,424.336,1554.64,529.128,1010.0,2274.73,1.7235,305.757,298.863,1313.34,380.903,829.714,1508.45,842.468,1250.26,1337.81,1018.27,373.32,613.926,391.017,557.394,130.258,5.1706,116.856,362.43,116.856,5.5153,563.254,3234.4,40021.0,514.65,156.153,194.76,421.579,270.252,129.955,1561.88,1005.52,221.303,527.404,635.643,13.4436,702.172,254.05,541.193,740.09,574.974,96.1737,1125.47,107.549,2092.38,11.0307,280.248,114.788,10918.0,859.359,616.811,737.677,262.668,185.453,115.477,253.361,2412.62,1984.49,1360.57,429.507,724.922,5752.13,91.6925,2356.43,188.9,276.112,106.86,55.4981,1953.12,3434.68,1776.08,1263.01,630.817,252.327,317.821,29.3002,827.646,62.0476,1902.45,1879.7,1069.98,364.357,377.801,577.042,1875.9,3990.35,692.52,47.5698,1160.29,165.805,1373.32,2557.74,398.483,548.432,448.811
TCGA-E9-A54Y,15.9953,114.929,4629.15,463.27,3309.24,10.0711,569.905,180.687,445.498,71.6825,143.957,881.517,383.886,242.299,919.431,17.7725,5.3318,0.5924,82.346,339.455,496.445,296.801,136.848,836.031,15.4028,3.5545,901.066,459.123,422.986,97.1564,1163.79,1258.52,41.4692,16.5877,563.981,1637.44,238.152,2995.85,50.9479,888.033,468.602,102.832,195.498,12674.2,82.346,508.294,519.55,1.1848,735.19,136.848,947.867,118.483,243.483,2470.97,18191.9,374.408,465.047,888.033,0.0,1786.14,542.405,107.82,49.1706,231.635,27220.4,797.393,443.128,181.872,91.8246,2920.62,1018.36,11128.0,0.0,2266.0,451.422,415.527,306.872,344.787,165.877,561.611,38.5071,6364.93,24.8815,213.786,738.744,75.237,1873.31,341.825,1377.37,41.4692,287.322,3890.4,69.3128,120.853,598.934,8779.03,2.9621,2.3697,81.1611,427.867,442.536,1752.96,231.043,667.654,8.8863,3469.79,234.005,1187.8,491.114,40.2844,105.45,246.446,329.384,5.9242,208.531,1885.66,34.9526,55.6872,8542.06,251.185,350.118,908.768,841.232,1646.33,2058.06,1.1848,68.7204,390.995,298.578,39.6919,414.099,409.953,543.246,1044.43,726.303,812.796,307.464,26.6588,333.335,170.024,166.89,26.0664,1.7773,14.8104,122.63,0.5924,403.436,1196.09,31025.5,626.777,23.6967,280.213,324.644,136.256,45.6161,78.1991,158.768,367.299,327.014,290.877,4.1469,281.99,614.337,85.3081,149.881,5.9242,17.1801,1569.31,2.9621,4013.63,2.3697,396.919,22.5118,10803.9,987.559,1394.55,1295.02,71.09,14.218,43.2464,74.6445,3742.89,1215.05,860.782,136.256,1550.36,2145.73,118.483,2510.66,283.175,28.436,101.303,0.0,931.28,3020.73,1655.81,422.986,1356.04,23.6967,356.043,26.0664,856.043,4.1469,514.218,1159.95,712.085,183.057,46.2085,419.431,2204.38,1356.64,1075.83,15.4028,1379.15,21.9194,453.791,34.3602,668.246,664.1,269.55
TCGA-EW-A1P1,1039.05,875.254,2077.08,159.736,907.708,798.682,886.41,518.256,267.748,76.572,80.1217,97.3631,733.266,119.675,248.479,410.75,130.325,1570.49,97.3631,80.1217,111.562,181.035,272.312,330.03,522.312,294.118,1224.14,303.752,1258.62,823.529,148.266,55.0152,41.5822,40.568,161.258,1564.4,268.763,7764.2,1341.79,166.329,290.568,118.296,193.712,5553.75,2895.03,127.789,1226.17,183.063,831.643,239.351,19720.1,209.939,862.576,6567.95,1069.98,738.337,82.1755,446.755,21.2982,1252.54,332.642,104.463,733.266,76.572,15519.8,1326.57,355.477,411.258,36.5112,3799.19,1740.87,18545.6,679.513,1818.97,453.854,416.922,502.028,371.704,250.0,2242.39,1159.23,2210.45,45.6389,391.161,1850.41,189.148,6650.23,921.4,542.089,546.653,267.241,1663.29,151.623,54.7667,231.237,4535.5,53.2454,152.637,103.955,4048.63,265.72,716.531,254.564,91.785,141.481,902.13,204.868,1228.77,1452.84,1766.23,1072.01,104.463,2485.29,125.761,702.84,2207.4,1007.1,820.994,1551.22,1017.24,756.592,1141.48,918.357,203.854,2651.12,15.7201,55.2738,95.3347,224.645,1270.28,750.507,1696.75,278.398,765.72,1167.85,2630.32,515.213,459.939,238.783,726.673,45.9888,34.4828,310.345,731.932,86.2069,50.2028,705.882,3431.03,12371.7,80.6288,411.765,115.112,664.807,560.852,498.479,4496.45,1078.09,2169.37,397.566,1177.99,442.191,500.0,384.863,163.793,1796.15,1054.77,1859.53,325.051,159.229,2042.6,60.3448,122.211,42.5963,4841.28,148.073,652.064,136.917,3479.72,430.527,333.164,272.82,2161.26,467.038,1468.56,241.886,71.501,8188.71,99.8986,1491.89,142.495,672.921,318.458,0.0,1658.72,1578.09,973.138999999999,292.089,1132.35,1977.69,43.1034,493.408,3111.05,345.842,1688.64,1994.93,775.355,1100.91,881.339,1282.96,126.775,2580.63,141.988,799.189,622.211,890.466,1392.49,332.15,416.329,374.747,397.059
TCGA-EW-A1P7,770.695,817.053,264.901,349.338,1570.78,371.275,3220.61,1616.31,259.52,108.022,55.0497,110.513,698.262,187.5,414.321,702.401,67.053,13976.0,163.907,44.2881,96.4404,169.702,100.579,589.814,665.977,439.156,1716.06,201.987,1522.76,1138.66,231.668,159.582,90.2401,32.6987,242.964,1235.1,264.073,8581.54,2223.1,262.417,289.321,151.565,152.732,8961.09000000001,1889.9,148.179,1391.14,503.725,799.255,350.993,16420.5,205.298,1107.62,6717.3,772.765,726.821,124.826,211.921,35.596,2204.47,218.87,250.414,3290.56,201.573,18399.0,1134.52,519.454,362.997,42.2185,6204.47,1952.4,18409.4,2711.51,4884.11,445.364,471.3,419.288,202.815,1097.68,2350.99,1658.94,3164.32,771.109,858.862,3142.38,305.877,5100.93,1112.58,359.272,592.715,174.255,1719.37,210.265,129.139,228.063,2683.77,185.43,600.993,125.0,3964.4,260.762,1517.8,194.95,112.997,168.874,664.321,232.202,838.659,6312.91,1144.87,1396.11,68.2947,2469.78,112.997,680.878,2780.22,1533.11,1641.56,1355.96,4766.56,444.536,1159.35,1214.82,358.858,2699.5,159.768,96.4404,77.4007,220.199,1619.62,921.358,1931.29,374.172,908.94,784.768,3337.75,623.758,331.954,143.133,1100.99,37.6863,123.344,388.659,793.527,58.3609,228.477,379.967,3765.73,7652.32,96.0265,645.282,110.513,797.599,1348.1,415.563,3695.78,1013.66,1756.62,677.98,1122.93,414.321,307.533,543.717,110.927,2242.55,3545.94,5278.56,411.424,155.215,2215.23,271.523,178.394,20.2815,9480.12999999999,140.728,498.262,70.7781,2366.31,734.685,221.026,605.96,2770.7,423.013,726.407,172.599,77.8146,7600.62,129.967,1499.59,331.954,411.424,262.003,157.699,3241.31,3447.85,1412.83,190.811,1296.77,662.252,101.821,12.4172,7444.54,656.457,1042.63,2495.03,1062.5,2367.55,1018.21,1556.29,229.719,5843.54,98.096,1371.69,485.099,1418.05,1403.15,196.192,534.768,255.381,246.689
TCGA-EW-A1P8,3226.16,2265.23,23.6559,2694.27,8075.99,1003.58,1628.67,711.111000000001,2345.52,146.204,554.122,742.651999999999,1310.04,1209.32,1975.63,1196.42,364.516,13118.6,656.989,520.072,674.193,794.265,607.527,8366.39999999999,540.86,1692.47,4426.52,1276.7,2984.95,3216.49,1070.91,1082.54,133.724,176.344,1421.51,2458.78,2895.34,18102.2,2207.89,1693.91,1568.82,300.849,1768.46,16192.8,6241.94,1008.96,3151.25,171.326,2792.47,1016.49,13674.9,847.67,1449.46,12119.7,3408.6,1863.08,348.287,604.301,39.7849,3102.87,1143.3,482.437,2413.62,359.498,42578.9,3312.19,865.233,575.627,135.842,9596.06,5395.7,29938.7,1542.29,5867.38,960.573,1275.47,2658.78,948.745,1866.67,2864.87,1119.35,10029.7,62.0072,1479.03,2974.55,318.996,12004.6,1717.2,1273.48,551.255,653.964,6074.19,363.082,247.312,1544.09,6568.46,144.444,23.2975,1002.51,1432.85,1105.73,1842.29,352.33,440.502,493.548,7014.7,154.122,2270.16,4494.62,2394.62,1531.9,408.602,2093.55,324.373,867.025,6474.19,1398.92,4102.51,1958.78,3934.41,627.599,3694.62,1054.12,1079.21,3112.54,121.864,524.373,450.538,644.086,1956.63,2500.36,2338.71,1297.13,1474.91,2930.82,1541.22,1503.58,46.2366,846.889,651.255,223.147,365.233,563.799,871.81,463.441,51.6129,1249.82,6998.57,2389.96,463.441,2508.24,327.24,1408.24,1309.68,432.975,2336.56,4351.61,2443.01,1356.99,1388.89,605.376,650.896,657.301,485.663,1827.6,679.212,442.652,2389.61,130.824,6721.15,436.559,612.545,197.133,3336.92,1115.41,1484.67,818.638,806.452,810.036,636.201,586.38,8853.41,1632.97,2546.24,984.946,553.405,13436.9,184.946,3545.52,1045.88,1055.2,572.76,150.538,2125.45,5480.29,2166.27,148.387,2866.31,921.864,614.337,1454.12,6554.84,468.459,3644.09,6463.44,569.176,869.893,1104.3,676.344,866.308,10402.9,987.814,3439.43,322.939,1327.24,1912.54,1429.75,584.229,1366.67,769.534
TCGA-EW-A1PG,576.796,603.867,5290.61,64.0884,1212.71,308.287,960.774,509.945,47.5138,87.8453,10.4972,9.9448,664.088,39.2265,46.9613,1054.14,153.039,2088.95,63.5359,20.442,24.3094,44.1989,259.668,86.0884,394.475,291.713,1916.02,38.1215,1209.94,553.039,43.7514,25.2983,63.5359,12.1547,40.884,1455.25,54.1436,6462.98,1120.99,62.4309,29.8343,53.6796,27.6243,6737.02,7706.08,65.1934,727.624,72.9282,822.099,38.1215,17726.5,69.6133,616.022,9505.52,4562.43,1623.76,38.6409,693.923,24.3094,1038.12,54.6464,15.4696,418.784,67.4033,20597.2,1340.33,317.68,338.674,7.1823,5529.28,1919.89,36544.2,1012.15,2619.34,465.746,460.431,122.652,101.657,157.459,1845.86,1350.83,1330.39,41.989,316.332,1606.08,207.735,5764.7,1002.09,399.447,413.26,160.774,1400.0,217.68,24.3094,93.3702,5925.97,151.381,148.619,111.602,3635.83,107.182,334.254,382.32,74.5856,156.354,465.746,239.226,1141.07,2337.57,1718.23,803.867,35.3591,1907.18,97.7901,629.282,2765.19,2110.5,1665.75,1503.87,1100.0,1129.83,1581.22,547.514,72.3757,3242.54,43.6464,11.6022,22.0994,48.0663,1165.75,725.967,1456.35,151.934,1017.68,1120.44,1638.12,716.022,375.138,133.475,796.133,10.8508,9.9448,390.055,567.668,14.3646,140.332,570.718,3104.97,44124.3,33.7017,383.425,99.4475,974.033,629.282,311.05,6481.22,1391.16,2048.62,877.348,733.149,218.785,496.133,498.608,23.2044,1479.56,1188.95,2953.59,208.84,160.221,1905.52,279.005,169.613,2.2099,7273.48,35.9116,576.608,67.9558,794.475,339.779,324.862,280.111,2108.84,243.094,1149.17,39.2265,11.0497,8178.45,134.807,1096.69,111.05,945.304,369.061,0.5525,2657.46,2113.81,1060.55,508.84,1934.81,1803.87,46.9613,107.735,1659.12,525.414,2012.15,2983.43,1100.55,817.679999999999,669.613,851.381000000001,74.5856,2138.67,20.9945,875.138,1072.38,1325.97,1123.76,34.2541,562.431,468.508,311.602
TCGA-EW-A2FW,205.806,67.3614,11314.5,634.537,2911.43,43.543,577.596,181.987,1380.35,49.4976,225.158,427.242,474.879,339.784,914.03,92.2962,9.6762,25.307,108.299,382.211,484.927,590.994,251.582,2991.27,111.649,59.9181,1222.18,1387.79,1020.1,125.046,1009.39,589.111,38.3327,184.593,718.273,1721.62,853.74,2766.65,411.611,991.068,1270.56,227.413,681.057,16339.4,164.496,301.451,292.892,16.003,621.883,641.98,3594.72,346.855,298.474,2921.85,36011.9,627.466,779.133,242.65,4.4659,662.077,981.969,329.364,119.464,117.975,25875.0,1710.46,257.536,164.496,176.405,7807.96,1133.98,7281.73,3.7216,1772.61,281.727,209.01,1477.11,1214.37,203.945,1393.0,302.94,5074.06,26.4235,1165.4,1524.75,13.0257,3788.84,700.93,2755.49,148.493,513.956,1851.14,133.978,371.418,1010.79,4106.44,7.4432,18.236,128.024,843.014,719.762,2672.87,186.453,355.043,36.4719,4202.08,375.512,1217.19,564.198,192.408,300.707,362.486,1207.67,47.2646,298.474,3386.68,206.922,50.6141,3732.42,234.462,651.656,934.499,299.219,1863.42,3439.15,0.7443,299.219,550.056,717.529,379.978,779.68,777.447,1848.16,1813.55,1117.98,868.255,291.031,980.275,465.474,339.04,219.215,1.4886,102.345,172.255,246.371,1.1165,804.615,1102.72,106070.0,885.746,104.205,451.433,841.087,348.344,265.352,330.852,134.723,699.665,371.79,495.72,2.9773,287.309,399.282,643.469,629.698,154.447,32.006,3270.93,50.9862,4691.85,0.7443,271.306,100.112,8334.2,786.379,794.351,1403.05,885.002000000001,406.401,54.3357,199.851,2852.62,2800.89,1333.83,368.068,913.658,3164.87,136.956,2057.69,195.385,140.305,93.7849,0.0,1382.58,2655.38,1502.79,636.77,1617.79,96.0179,555.266,31.2616,1615.56,69.5943,1384.44,1621.51,1330.85,354.671,301.451,996.278,1113.14,1604.39,1747.67,2.6051,1560.85,154.075,689.617,36.4719,679.568,391.887,587.272
TCGA-GM-A2DB,1611.48,150.634,5025.35,534.676,287.845,907.532,477.256,388.516,604.773,43.997,428.039,434.75,2402.68,525.727,656.972,175.242,56.6741,422.819,167.04,248.322,196.122,853.095,243.848,1319.63,212.528,1073.08,877.703,756.152,1536.91,618.941,565.854,534.676,47.7256,38.0313,1096.2,2770.32,592.096,10636.1,371.365,691.275,846.383,397.688,530.947,4437.73,2789.71,325.13,893.363,272.931,1859.81,503.356,12543.6,313.199,1217.75,5196.87,106.637,363.162,283.043,888.143,11.9314,959.731,691.096,204.325,233.408,65.6227,27140.9,1776.29,341.536,286.353,109.62,3262.49,3659.21,82939.6000000001,74.5712,9968.68,651.007,1034.48,1069.35,420.582,646.532,1155.85,1296.79,7116.33,225.951,542.364,1534.68,102.908,9397.97,812.826,700.224,122.297,536.913,3327.37,442.953,175.242,226.696,9665.18,166.294,32.0656,106.637,1502.47,698.732,1014.91,530.947,161.82,52.9456,1187.17,249.814,2258.36,3187.17,4534.68,575.69,140.94,1321.4,9.6943,717.375,1464.58,256.525,1714.39,2641.31,1291.57,921.7,766.592,757.644,547.353,6177.48,20.8799,117.077,170.022,462.341,599.553,938.852,1932.89,1120.81,1210.29,2208.8,1330.35,568.978,52.9456,237.949,1546.61,185.265,158.091,272.185,227.837,217.748,66.3684,823.266,5612.98,9630.13,348.248,88.7397,150.634,859.06,464.579,185.682,1129.01,2601.79,1964.21,489.933,1345.26,184.937,405.667,239.374,346.756,1316.93,363.162,555.556,1753.17,50.7084,2978.37,6.7114,601.79,85.7569,4329.6,262.491,1763.27,542.133,495.153,135.72,666.667,681.581,2929.9,517.524,2554.06,272.931,644.295,20454.7,111.111,1427.29,98.434,750.186,79.0455,0.0,1604.77,1372.11,3142.43,353.468,1570.47,588.367,483.967,1592.1,3988.81,468.307,747.204,3702.46,711.409,1042.51,1132.74,324.385,1052.2,7649.52,588.367,278.896,466.07,427.293,1411.63,2358.69,510.067,703.952,476.51
TCGA-PL-A8LY,952.928,950.738999999999,3301.59,217.844,1022.99,130.815,1511.77,649.152,221.675,47.0334,56.9239,185.003,616.858,97.4275,244.663,444.444,54.1872,12969.9,311.987,162.562,94.1434,107.827,225.506,484.576,257.252,475.643,1091.95,300.493,1530.38,1857.14,252.458,129.896,70.6459,42.6929,150.52,1565.41,136.836,8625.62,1661.74,227.696,160.372,75.1396,187.739,7579.09,7616.86,270.936,470.717,67.8708,1067.32,143.405,6047.07,111.659,617.406,7499.18,9892.72,1151.07,241.888,570.334,30.104,1193.76,260.077,63.4921,2515.05,149.973,23472.4,1201.42,379.858,340.996,13.1363,5056.92,1957.85,41119.9,5346.47,5056.38,481.117,447.942,142.857,188.834,652.436,1477.29,1412.7,3509.03,139.026,286.929,2958.95,297.756,7303.53,900.383,833.607,480.569,158.183,2895.46,365.079,83.1965,125.889,2392.45,162.014,170.772,97.4275,2121.66,265.462,1415.44,308.155,126.437,133.552,801.861,223.864,1307.91,1817.19,989.053000000001,617.406,43.7876,1436.23,157.636,414.34,1945.81,1471.81,6645.87,1650.25,1945.27,724.138,969.896,351.396,204.707,4425.83,32.8407,42.6929,138.478,125.889,585.66,728.517,1274.22,395.731,1354.68,1363.44,2688.01,431.856,909.688,186.19,664.477,46.4039,214.559,335.523,400.011,51.9978,222.222,381.5,1908.05,33829.2,72.2496,1113.3,93.5961,853.859,463.054,471.812,4833.61,2804.05,1015.33,693.487,633.279,231.527,459.77,432.272,96.3328,1255.61,1414.89,8541.32,610.29,120.416,2841.82,126.437,252.874,8.7575,8781.06,210.181,767.619,176.793,193.76,407.772,166.393,235.906,2747.67,401.752,1097.97,80.4598,110.564,6880.68,119.869,1559.39,185.55,515.599,53.6398,0.0,2016.42,2397.37,1497.24,444.992,1119.87,486.59,246.853,147.783,1944.72,962.233,1240.83,2598.25,1781.61,1216.75,1349.75,1094.14,277.504,2824.3,115.49,4409.96,791.461,658.457,927.75,162.014,627.805,699.507,279.146
